Cycle,Preset_1,Preset_2,Temperature,Pressure,VibrationX,VibrationY,VibrationZ,Frequency,Fail
1,3,6,44.23518586415284,47.65725354833926,46.44176923068589,64.82032657891138,66.45451956495226,44.48324980824037,False
2,2,4,60.807234448796294,63.17207576842222,62.00595106708013,80.71443106372683,81.2464046543589,60.228714793422036,False
3,2,1,79.02753565280922,83.03218967065293,82.64210959422543,98.2543855725768,98.78519593981386,80.99347914594966,False
4,2,3,79.71624156697328,100.5086344886615,122.36232148005857,121.36342870189367,118.65253755569158,80.31556651280096,False
5,2,5,39.98905447038245,51.76483343470046,42.51430194833384,61.03791021641865,50.716468799909116,64.24516587048186,False
6,1,2,58.33608516610776,64.42635318181952,56.479226973543625,78.62374174260457,65.9115276260396,78.88621402415436,False
7,1,3,77.93777730868518,83.14665660672175,77.80058968354564,109.67904751098642,86.23072783994853,99.68117932509142,False
8,1,4,78.56350579645732,130.08991151469624,110.47987136045793,130.9970199768492,85.21856206935989,98.46737547392908,False
9,3,7,77.48621811181675,104.46295542840215,77.39038839955747,159.42348288274437,115.21193417840209,98.90026835829048,False
10,1,8,42.61915864954467,48.343335790415,65.7891557607292,49.52482884061411,64.91508976597632,41.62071465509108,False
11,2,5,59.501364304919484,64.46925943011358,79.06783336468564,65.89148493590817,79.44621580920155,60.208221366611774,False
12,2,5,80.66249668018938,84.27346407882217,99.62877806125697,83.70190704204607,103.14104442290302,77.8883696427241,False
13,1,1,79.80650931072849,103.12973763998725,120.75310300334772,134.5009054811537,115.87319742582842,76.56285600076251,True
14,3,8,46.01219123516164,30.755213637334048,35.021092356258364,17.88760817566699,21.511250581717196,44.889677484501966,False
15,1,6,48.69096459034,19.913004886585867,54.45533557547091,25.133192584263153,24.279292913259745,31.1211386801744,False
16,3,5,59.20124984330761,43.38527647920722,49.066485298836845,89.19992516000273,79.26700369041207,70.26624252160462,False
17,1,3,39.187095909349004,34.08334697921782,30.173297322986325,19.63329039883817,20.65086270404082,48.24373885418084,False
18,2,4,44.07871748928103,25.834223889278217,51.3481031411045,25.656732509678765,24.45892777534026,33.20086201612949,False
19,3,1,65.35206551815605,90.90118279473288,39.39668683758067,44.05026626644354,78.28995520317477,75.43900771474912,False
20,2,6,65.38699108649853,150.50277476215126,40.55361543916053,14.341926753322255,79.77216480827944,145.72245483810096,False
21,2,2,39.77468772001118,44.4507432785952,38.95898229871159,33.93943208496899,35.11569489754013,56.66679772200113,False
22,2,4,62.80160619043731,59.84864062353956,55.795654347680156,48.60672011080185,48.259038493480126,70.82885413498292,False
23,3,8,81.83700891622891,80.08540633296776,76.20311129075449,70.77517118657568,67.82937751161757,101.44572965982779,False
24,2,3,83.21390848177116,80.38020582163414,79.99717718244978,134.22138514687438,81.72500910514708,121.45331002019302,False
25,1,7,29.906236088762473,57.04797219231815,34.633811628566704,24.521685777630548,33.891921332058644,72.94112724322461,False
26,2,8,54.688073252346655,79.63755682329023,61.47269962997456,50.09229323735972,69.83776363336324,97.84775678931757,False
27,2,4,39.530741261397175,59.29434876735278,29.131192990352314,32.3190582229739,29.642047304881046,69.84529070219497,False
28,2,2,65.8854362481166,92.57198374391159,66.09296356739438,61.336395973568784,60.85868682425119,99.08074274748424,False
29,3,1,34.29444408428433,58.694897039353954,44.05977433615447,38.285301345175554,53.392313965276784,54.635831827134865,False
30,2,2,58.79160316949757,85.806435418418,70.30677166900665,64.8171653472597,78.39841453046117,81.45468534010594,False
31,2,5,35.49864688284704,56.192587900862634,40.70287801001922,51.30887618797877,50.48616932750221,90.75840129062028,False
32,2,4,61.97709261558516,91.20696184785865,54.556849651874735,90.65684186214261,80.01493994582525,111.61698001812293,False
33,3,5,49.72011922165315,74.76187526763654,84.2925820585248,20.512680530076622,30.58916655198496,39.080618948019364,False
34,3,4,76.75927233454397,101.11106441403412,110.39023183646562,44.30224611977321,56.58751052458717,66.17857682414854,False
35,2,8,54.59092637063649,45.52451707652022,54.0750249520765,39.468801283992924,39.5878265986364,40.27265348267475,False
36,2,5,70.4434574012617,62.541420313247066,66.90623645916881,54.64783733972252,54.0914477795748,55.8599633555177,False
37,2,3,89.91856905388258,92.27863011866705,89.09011162050584,75.18931804136412,83.54526183361071,75.11822912476654,False
38,2,1,45.463431774100755,58.536835535067105,39.35014776716161,39.53410868314577,38.411017431446396,49.85260911697134,False
39,1,3,61.473079064735494,71.48937929485032,57.32756605886908,56.10441068807218,55.6457759003234,66.04180542942764,False
40,2,4,81.30499214726294,100.7960353077329,76.9230511005243,85.6291785731896,73.98051277812942,84.78317720218033,False
41,1,5,70.86979416438925,46.08262938555351,48.99931365256243,60.623288299095385,62.398535613040956,34.32509218939652,False
42,1,6,95.33139485370191,70.93029666506288,72.9182770832112,94.13424711909639,88.81519813775455,62.29132299053922,False
43,1,3,37.171731344297235,41.25289568149666,40.99869027081586,50.44948381107778,65.88205449999703,63.71021497110017,False
44,1,7,73.55064283275956,74.37486614060049,73.66521437048335,82.91071241507383,99.09113963726791,99.08559669119632,False
45,3,3,116.30107567431064,45.07428602621276,19.530348313166773,44.70150479255236,25.701206892052312,20.70094346819519,False
46,3,4,139.17148913734437,69.651889772787,45.81026432727553,85.23160342265489,50.46858256144141,45.18784430422053,False
47,1,6,38.96347703784512,44.09060698773882,33.74114164913997,31.37184696337671,38.35043748251837,54.40582421221233,False
48,2,3,75.0513766670084,78.86459496151497,71.3993428818435,65.66273588587713,74.20784072348215,91.54900808949321,False
49,2,4,45.31359248501403,50.3155043157625,53.840754461180374,74.35884190383005,64.97286569216722,29.84342866936727,False
50,2,5,60.06181706568592,66.17386814834371,68.44557228457323,84.12195590283034,73.80830272511118,40.17766308277629,False
51,3,2,74.98379209041049,81.1267785029456,84.86821838100569,111.45847577163526,89.67596554984998,49.37203796953432,False
52,2,1,34.79796774391001,71.0122861310028,55.4254470255158,46.842304513141166,54.0331295287409,24.610565464658382,False
53,1,1,61.292131936545495,95.96472040191539,80.79220332546609,59.51144196864666,79.21976322944899,29.54693108623473,False
54,2,2,59.56036308290774,56.45843712275707,50.51654759872533,41.17577356822475,54.059456744784406,44.79137899700653,False
55,3,1,67.59232420882887,62.555413533965904,59.86906547367336,90.09252648021386,76.00149283276254,88.5911123845853,False
56,1,6,9.32215408725349,56.021212787503345,23.117043524463426,34.34919800363352,44.00229060831247,95.17829535031603,False
57,2,5,34.46699609481962,80.61344996601076,48.30688354192018,49.254130715957885,69.72688287234132,120.31706398676309,False
58,1,5,38.994979891936964,45.97137140663383,35.94209249005101,40.78423150441074,38.52367717410156,92.00164303093138,False
59,3,8,64.14253318228393,68.67872168676465,60.12650348877633,64.42372519189486,65.71924096879545,115.80841588438153,False
60,1,3,50.46928448275356,52.81441538261421,49.168410611993146,65.07592184201529,49.363256790009125,54.606066578885084,False
61,1,5,78.64481261042818,83.37250599357849,77.5200424667294,93.80861341108427,80.26599709886389,84.74390635982277,False
62,3,4,38.61064466091389,80.13115292126864,33.86388748861424,35.66121097647868,45.107991216444596,70.58403774106584,False
63,2,1,63.608710061356526,104.930427739358,62.144137313337446,59.828075502494265,69.38976262200573,94.26797318214584,False
64,1,7,54.58179855420685,68.83916875791436,44.82591841211145,69.54458336766143,51.08799037445513,59.5523650989878,False
65,3,1,90.35099997808109,111.09951747357611,81.81556180359074,99.71101240118084,79.01402908309815,95.73272363834506,False
66,1,3,39.72335242934332,51.1928445010787,40.26739688842633,40.87320340981718,39.504209976173364,89.78876458019116,False
67,1,3,64.58698512271295,64.4375035241238,64.00831185560504,50.152159220205405,51.18575504508633,88.83238398105458,False
68,1,5,91.86532174997701,95.22925946649484,94.08243503499557,69.91349582286394,89.57051954745037,69.18695262089317,False
69,1,1,25.14758360493675,20.76438447683003,15.77019026791794,105.11330399469925,54.39004390624209,89.09170459120469,False
70,2,8,40.72488088300982,35.06649896330479,30.152633687854955,120.19408496808012,70.63898394555542,104.46448237736793,False
71,2,6,54.08179209629801,50.76154696285035,44.70697600840518,134.8426463754941,95.52016437458931,120.02117411686959,False
72,1,2,54.214398911752895,49.374602708877156,65.32937144259441,176.197917370096,94.90240931605292,150.42088847068678,False
73,1,6,67.82328948408673,79.87733184883558,50.49640795804988,34.65975681375511,35.96725281143862,36.49445359910813,False
74,1,8,80.43099607257962,99.38467174922076,69.63992019252261,50.959582480563014,59.93719828533074,45.441091189594324,False
75,3,5,89.6119415208847,129.75118205760037,78.47624934344178,65.26510770784918,86.27754566253893,54.18621754898294,False
76,3,4,50.80048494067988,74.31879837757481,35.41058727391028,70.80271441200252,31.010751993800106,39.65186383285777,False
77,2,1,65.45194590602941,89.63819239243598,48.76556139385775,83.45397745270155,44.626551957245496,54.394180990605975,False
78,1,4,79.0359842327654,104.91538277198457,64.82885432962706,100.7642572335883,70.98660574377566,71.05342926502864,False
79,1,7,41.038496452869765,38.153466657906534,33.626874900710696,49.72511341945439,100.52553341105744,71.06841795294831,False
80,3,2,77.55772696793223,68.37164368403444,65.19861852542178,79.21429508024741,120.4771776863848,98.10585991209454,False
81,1,3,39.91316603648522,79.92898731290059,99.05908150391407,29.704192124553476,31.976664397924598,19.243636760547595,False
82,2,4,54.18543497453208,95.64694926694222,113.66115539487295,44.702920038768475,43.36653128387536,36.910653901997904,False
83,1,1,80.71512881473694,120.5630388578349,130.16919773793043,54.10632655167563,64.13347024364927,43.048422528127354,False
84,2,7,49.7877301220086,84.41072649024647,54.56265241364526,64.82443687145096,64.96793009275245,91.7961418067118,False
85,1,3,64.9488093399678,98.60870649338392,69.60471591977068,78.94028721195191,78.39403482330935,104.31716796655827,False
86,2,1,89.98747890662526,66.30741847251352,66.30232784267018,39.52327306454806,40.40974392093328,12.211353174690665,False
87,3,8,94.31277465618913,74.71417185631553,108.4304568662854,100.40427294680477,80.46559953226792,29.863443308324392,False
88,3,1,96.46629730323046,75.06898407740086,179.9289477355205,129.62029898600773,80.72619965472023,30.22256088879465,False
89,1,3,25.34853579658119,34.96650863100557,69.41803141519136,95.37541182521545,54.37211160796638,44.36028183275408,False
90,3,3,50.06144187795485,60.969463244537806,94.25683986033927,120.86504152786708,69.15126585662048,67.53363975304552,False
91,2,3,52.4662626467654,64.40621338641976,54.81077619548878,59.811183969374035,63.38320728260747,59.4972979397374,False
92,2,8,37.812795229949884,84.84591838189124,45.799726590502296,35.24322017736299,35.12521987943405,75.23334784320748,False
93,2,7,59.73234363728386,111.03374321422552,69.35703635838422,60.46319904838627,59.073381754366935,100.12844347598767,False
94,3,6,66.10272331345608,42.686528847201515,56.59623462667544,44.44471993376594,70.22708543479742,45.93493546837975,False
95,3,1,90.23758991846198,68.30544629245036,81.89464148985327,69.42272966115412,94.74846762674652,69.98156857208983,False
96,1,1,79.38072988336586,79.33806566002092,51.02962853042267,40.35297273709257,50.30734661278092,24.069644467484387,False
97,3,5,103.73807544198402,104.99721658460665,74.11705445601851,63.93854380850557,99.59036026025912,47.943805737568795,False
98,3,3,28.41473455584699,65.97896838907276,100.37410502233098,44.34221011147682,23.574943555849828,40.17320931613091,False
99,1,7,48.83639834478539,95.88202007056535,177.1229808493862,85.1156066058783,44.76003752331974,70.49140977714696,False
100,2,2,30.692633192450934,34.915600643305524,28.530084960710308,99.42188233306902,35.141479875922215,78.57728423223087,False
101,1,3,45.63191588358501,51.521379162261596,45.10543657879705,112.97279813998146,55.2788881275753,94.67641448659023,False
102,3,8,62.199014404705856,65.59705355429041,61.293818957312055,127.71479120570783,74.74298956724513,109.78311785257152,False
103,1,2,59.583936847698766,64.38925477443411,80.49984275761629,170.02933587908126,93.73229839323022,130.17691013349017,False
104,1,2,35.440296259789214,45.41658001327298,158.10170768624744,30.022925721351427,43.534014068123305,70.42417575147078,False
105,2,2,60.550804992117165,48.47556896291112,45.18681946988427,43.4610979727314,88.8363855104236,41.32419046479058,False
106,3,1,85.84927906383497,72.48939976112308,71.34246746131423,74.3828601746776,114.51314913137783,66.74736026105867,False
107,3,6,28.63124683190494,104.88814092139539,90.22789068585118,23.970274741190835,23.94546081895716,52.052422365388225,False
108,1,1,54.22280720897519,130.87426424215545,113.80219309567389,51.13155248901352,50.494121566442594,74.78966320707634,False
109,3,7,39.85478733456605,31.042555254420048,49.669512861015555,54.52986566259497,56.99132020310308,100.61702045510664,False
110,3,5,59.733078723407935,50.16105593988797,70.37975838263797,80.26474476812427,79.94628753652214,139.1930111527396,False
111,1,8,58.297702191693865,39.65433798084067,79.3384378967881,59.6400994346587,44.8143491116923,38.59766798910228,False
112,3,1,96.87077437169383,93.97915527596534,84.40467252489195,125.27844086035907,64.4622132296027,56.11337191037857,False
113,1,1,52.26936167679041,50.81499291324146,95.49444710963823,41.72813938361791,49.68504102990876,33.96920295767203,False
114,3,8,59.25832464708962,80.34062037664934,110.4952741907172,49.352283443373615,80.21102621230824,44.79387647784121,False
115,2,6,49.382290815582486,121.8675856499534,54.114909260097896,35.087209718780464,108.90634680039716,87.02014842783164,False
116,1,6,50.49450953910213,105.16849475395209,79.9415739871553,34.00463262048301,110.63227292177686,75.44414640028862,False
117,1,8,90.96187228937804,53.625703928167944,75.55621246079933,57.899796873705036,74.50823241941953,29.605084404100573,False
118,2,1,39.98089422511669,66.80037263629612,94.45304741320516,59.577244776811575,47.40765200474204,35.19175306134377,False
119,2,1,65.34112965698594,89.33992150531338,120.40295923724756,85.13019711484563,69.40495800274583,62.65663544331674,False
120,2,4,80.07372589167502,84.09108135363725,95.53277550957456,29.412671462025003,30.228125280732446,24.637528341264026,False
121,2,6,107.2445697869614,129.6612768240961,119.71680583795599,43.57942514313154,45.7367754941066,38.80848043780886,False
122,1,8,249.20767079527454,3.480278691595548,5.860703108036286,35.245969366199205,105.94282652078587,49.34519643252972,False
123,2,2,65.97599004189621,56.555277486799,114.85434339810153,99.65121247692595,39.11289972988143,59.29380943312482,False
124,3,8,105.65519042323646,93.94680981049223,78.57468664599126,40.57436745399953,79.43644241330904,89.51158085475753,False
125,2,1,105.37839137013516,125.11410518288754,100.48557547324347,59.61899918806687,99.32906142200244,98.42138835629262,False
126,1,2,30.268736306595482,40.10455145751085,67.46309303802428,69.45399184869056,26.924186431052156,59.43691105144504,False
127,2,4,55.20342720748676,64.91518450264681,96.9009278255505,95.11490148857723,43.78269007148054,85.26703068952014,False
128,2,5,45.812419890392036,67.56986815087015,58.167260729605914,34.6985057696296,50.88326657777228,62.20369210270595,False
129,2,3,78.35237317303122,91.94119640337433,64.10424054979494,65.97713085387475,79.45865254345863,68.62744219994426,False
130,3,4,30.218278910255563,44.948296902486966,55.26839800685086,70.50302719644641,55.078665330689184,85.6406030837384,False
131,1,3,60.405578652057486,74.57183131961578,83.13484454147182,99.35456005811508,85.23918233030476,113.96698695802219,False
132,2,8,40.869857721687296,46.549081154110965,63.00154518347691,100.80337744276692,119.41685920053756,90.25077258760561,False
133,1,1,70.68090161974501,109.04091549691283,78.42628301836531,55.578328080004056,80.03433566490888,105.21160609371786,False
134,1,4,65.41785276820485,50.230886511216205,34.85834989687224,116.00660535667551,92.63893958435555,93.58097266054716,False
135,1,7,65.68742479609047,82.52883048890543,55.858340389527925,93.38637370610786,85.13882024040804,104.57110553471817,False
136,1,1,65.58327757177321,95.12005792920148,56.93397749819484,100.29156927873292,85.63036582913416,93.10733833458744,False
137,1,8,63.93823249959385,124.7488999532261,102.44364489098564,54.35723935367731,70.13960391119562,84.91223554527127,False
138,2,7,64.70580023867629,154.9182901666767,118.39587313355811,65.20455604978287,90.54587373584458,107.17494355731972,False
139,2,1,75.95370730931971,100.53009054824764,95.5590400568073,42.04258172302799,68.7664506437276,109.61931501879366,False
140,1,4,21.065325005428363,10.435622828469794,55.952880088228454,14.547320590811573,18.824633850561856,78.55857574126823,False
141,2,3,94.1529335717054,125.29388206363924,79.02691387638374,59.675325011361814,99.22119959966325,81.22071700329201,False
142,3,5,96.03256285064454,154.19371869262594,109.09131480016613,69.87080034136216,130.15806756045288,80.01601152423093,False
143,3,4,131.83318677380885,84.6312098286168,79.33702977893195,85.10493139719888,94.9426470889193,60.21976959563997,False
144,3,7,47.08475341194113,49.43128621330009,48.170130282636435,47.17728719775254,48.59963663905044,47.820488783068015,False
145,2,7,52.19252858530998,53.350744440514106,49.00042326402788,44.48071894602289,61.8535589303229,55.789785202686254,False
146,1,5,129.2784494533508,65.06996747563906,60.48135937118371,109.85085863684019,93.96962522668875,62.649599306613894,False
147,3,2,64.9624084073947,64.99975175675954,61.3180989385939,110.69692548799875,94.56797287442055,129.61549593912156,False
148,3,4,64.44548157089787,129.4465507790809,59.54071864320426,93.28132796492706,110.85132941059756,64.90094986116807,False
149,3,3,66.26221343246768,60.19200866899459,69.30275582595256,85.77273540638367,75.61219541531459,40.271175959463854,False
150,3,8,35.64804107238264,38.37026963065748,99.3310372874054,89.98801059563866,55.01043146828102,34.74037432982252,False
151,2,8,69.98954407269957,61.27107557471811,123.04853072694618,113.84866392437426,69.26467059205306,53.37118942596705,False
152,3,5,30.303910949475956,80.49846078193218,90.73753879881181,54.58022933869409,45.32151992570638,54.72713055425776,False
153,2,2,58.4601240761518,114.98684252924612,105.55448130049547,62.905360638389524,71.44454357932447,79.46015956284191,False
154,2,2,79.78488600435655,105.11791048613956,66.41590631381193,59.46613438290065,74.2733827213919,129.12882505120987,False
155,3,8,79.58370711719938,135.13511548066745,86.14788033041827,70.12761616766709,95.08805045645832,148.40444113609374,False
156,2,5,159.5474016028274,110.2717594085718,65.14768309835499,64.98674945786021,110.30549472651111,28.411528412929673,False
157,3,1,91.69533217576718,85.34579567373025,99.890670194056,95.32842857651715,124.97030108273798,84.37735479338632,True
158,2,5,88.91611396171326,88.23188710760736,85.14055002275501,123.71191095977696,88.85287223434861,100.22913120572407,True
159,3,5,88.76876606626762,99.22869129141966,89.10951404609013,124.93422137051915,84.30646742473711,88.21816201631768,True
160,1,7,40.86145538846186,63.67059316980519,45.281480611920195,48.9689163381549,49.987143642003964,49.69576712346859,False
161,1,5,59.56627870788001,83.77755348818098,64.65290948800204,69.69655554094365,70.09908727091819,68.6213218485554,False
162,2,2,92.50158132460827,135.28115639223222,93.37588880865574,98.14282278019488,100.39538507081602,80.5355749719163,False
163,1,2,105.96944393009522,110.69460992752485,89.13997150473001,153.5759284400573,90.29992317116574,131.0722438881638,True
164,1,5,105.69533074809365,189.9956810944594,102.2721912360237,154.9044612311166,99.77316284233947,129.47509382528807,True
165,1,5,105.27519140905913,148.7004430730596,69.87641481228572,193.56994678525223,119.13606789094047,141.50285514066016,True
166,1,7,101.79122496232328,99.75319634638004,98.82785070999827,99.41564817816133,98.86511369643472,101.78358496182875,False
167,3,1,42.67939244277565,49.45337639496256,65.28165620900509,48.072174216952874,62.96916459597743,44.65592162854296,False
168,1,3,60.3861629125456,61.818300491775105,79.55113530689914,62.03427847707668,81.49829010183112,58.800497515923404,False
169,1,5,80.0636532730966,82.18382294997782,101.17687362342713,82.32381852950955,99.74524208408207,80.35961268040045,False
170,1,7,38.78408928945213,52.56524131962805,42.8646087211143,60.443808410886405,50.84760082274143,66.27956481513422,False
171,1,7,58.58270662415204,63.43380981018521,57.2694470625389,79.89132664126679,64.2243097029827,80.59467937065455,False
172,3,7,78.40959980291478,83.58610850548062,77.66982883853694,108.07309655645713,84.42905583668608,100.24223498719545,False
173,1,5,50.87521466051384,64.66671700137155,62.371554732384325,44.93933171366437,48.290000112427954,42.28793640099848,False
174,2,5,64.42421767071485,79.78641678477979,78.4428101930628,60.49307856552133,63.19630205719629,56.5462860288522,False
175,1,7,84.49185368402995,105.4366089241445,98.18485193435416,78.9396273187853,84.37707303484042,78.25550058330323,False
176,1,4,32.92580356224118,44.52095958324023,35.53927523501556,33.93380603840277,44.869008423102066,20.7651169763662,False
177,3,7,84.54422608363063,75.73912583869149,63.28541547394489,45.80407061576525,53.94215904977554,90.15988929704383,False
178,2,6,60.7144658464358,28.893708694000704,31.0663163726306,36.751751984343755,55.84177486862331,48.58772464322833,False
179,3,1,100.3365977369475,49.69807060383041,50.37827586506799,75.75716973007027,94.65174716576493,70.20945707902912,False
180,3,2,39.84983801457673,21.447121807375627,30.258714542702045,39.8872291686495,78.49668916312851,55.21232431528239,False
181,1,7,54.169131459462236,35.89818259232174,50.931262346391655,56.281309266019406,110.68477945931936,85.31270977193527,False
182,2,6,41.72927057285359,60.37631053832766,40.867095242594544,39.65778737273199,38.046914591631605,29.94207069932849,False
183,3,7,70.04373680347616,90.53808538282559,69.43212089103679,61.91996412783398,59.256743206050565,39.138913977143055,False
184,2,4,83.40578842848694,89.52525007837023,80.6166210717243,69.40219394689558,80.09807789525388,129.2104744671878,False
185,3,5,75.117684443397,39.89141157608568,38.09966778316922,57.28069204913648,56.38620776857056,67.89697883014777,False
186,3,3,126.65924366486138,56.59080331944897,57.03727227786744,74.86652494663672,76.98399665684015,65.69042102917774,False
187,2,5,23.06066330588126,39.668089841220855,15.248352901231499,34.20952511186854,34.6739637210571,59.39727239904132,False
188,2,7,50.82204589833069,23.571117550623075,28.365773551661547,45.09176855571086,55.92978753722324,14.120809531323314,False
189,2,5,90.00693228338757,31.115255965532192,16.852325232513536,39.41580102448619,18.78416885774164,15.232610426259171,False
190,2,4,35.60014582252155,19.411614224494617,65.51445599968805,40.395974565565915,65.24400485506176,18.705022330468182,False
191,2,7,54.35284112885762,40.79692876844776,83.03098457087306,80.21236298789137,106.27008154721948,39.68898341864431,False
192,3,3,40.65267598370862,49.198969072864834,45.8906504743369,69.9824032285338,43.388535625354606,70.36690083025987,False
193,3,7,64.42916699332451,75.17814901980206,70.0748122468118,94.0689567948213,69.26796716401044,95.19102780626815,False
194,2,4,56.53451836498516,40.46996016464608,39.88583220063226,63.504211825877114,45.504174333996666,36.28533809910788,False
195,1,1,70.3666212459962,55.53633456526118,54.28541328555417,79.73075013181905,60.64310240359194,45.64224205653045,False
196,2,4,91.56839041826962,75.51312905326384,84.1586746504716,115.37093398690017,89.21539648852644,54.650814280465156,False
197,2,8,89.75620964773573,97.28797227827279,103.39960102822472,164.43262310584987,110.06163604644942,46.11360118525988,False
198,3,7,75.8312834600714,78.71520449731177,94.62736608479493,90.03985798868362,101.18579144660818,48.332508265623545,False
199,1,5,70.23880141852388,22.68453683387179,51.272337460217464,18.00859865814156,49.36141938389959,40.11310103434785,False
200,3,5,100.42804488469382,49.42443153233997,80.78036033022319,58.5388938533834,80.31834327798573,50.73912647455002,False
201,3,8,68.5020209707356,100.95118451335264,115.38271597441742,28.757458589442003,65.00811891672022,28.133177398417708,False
202,3,3,89.38647317672823,74.3898886168537,73.93027229798163,90.47531348334903,99.65301689120992,69.21150153604607,False
203,2,3,35.93214540346512,35.291928925367586,41.14596823512092,33.60204179958701,56.29709255058797,51.545545700642876,False
204,3,6,54.77936694801515,45.90389979277644,48.90645662041672,45.58735992481358,64.80596186701757,80.62948633053341,False
205,2,4,76.47279442569078,54.62369865910196,67.79332883600604,55.69980254272169,96.03826657448596,109.23477821429731,False
206,3,5,54.77706579247201,69.91050265051847,54.17691407097552,37.823573221913925,54.988772518808524,85.15728194039727,False
207,3,8,29.877470598040663,32.53852853895298,30.63116315469545,30.195723019089396,29.39228559612251,30.14711165551331,False
208,1,6,75.51873692919686,75.7093443241013,53.28009965779313,105.39470509964703,84.9510196137675,28.681530400238362,False
209,3,3,65.6016826618464,66.71250853557234,46.2582424625589,74.51760448280241,43.518170886655454,93.64699631658857,False
210,3,6,54.63376475535603,45.205933691408184,45.18059146572827,24.933587658307342,24.357617557296567,15.433437185150332,False
211,1,3,93.99147149588858,84.10856031874177,83.55739414594538,65.00643099639055,65.45255247656675,33.41079215049297,False
212,1,7,65.69483896488606,63.346868916812696,59.361534648412714,129.52252096994758,95.15964608182199,109.2730361854964,False
213,3,2,95.39650513778113,63.93289921641388,110.52028155116683,59.06758229926617,131.6065592279977,64.53716772680218,False
214,1,6,60.9119304519074,84.48307476444981,41.83047594026507,84.86600620969702,42.643426067974474,92.40003829699089,False
215,2,8,96.13089991723537,76.04583347292309,79.87441914358796,100.10910007361039,110.77053563987134,28.960051941815728,False
216,1,6,60.58969028860576,60.059811292175404,59.37661968814464,84.80751281118494,86.23257456186818,86.07673827139793,False
217,3,5,48.39996767609095,73.22806359157124,47.751974690380194,72.07510369027308,46.85485675067678,47.41894558673293,False
218,2,1,190.24451360633802,33.43554205125557,56.30922006937726,33.34055561208544,56.56578688695024,33.82309253516929,False
219,2,1,70.08273502208884,79.44289630471992,64.76738560627844,90.3621177037762,63.38842979498693,86.51589901568073,False
220,3,7,51.37847426435046,65.27184698597483,88.11069665187274,34.9228680972559,35.27034347304865,14.100837991254062,False
221,3,3,75.08358026479254,89.90403660462474,140.19449829448814,60.37801324179208,60.27365830037168,41.23445067115879,False
222,1,1,97.6164713836835,69.78612222482909,69.63696470371902,65.40663832687531,63.393187752696484,44.72742896185329,False
223,2,1,63.74271175886587,77.9545901740409,103.9622109756319,34.99954488455673,64.45704983995418,85.66037126777259,False
224,2,7,74.90307680454107,84.92932652337312,202.36072785934334,55.3207402062682,64.82127176297931,30.254245340382788,False
225,3,8,76.15744700654231,125.41478381893256,229.23594578231612,54.27568133210975,93.69866757379906,28.76571895147011,False
226,2,6,61.66306151591226,79.97474756559275,49.12622141335268,39.62180970495366,39.2957476811529,29.488011377569716,False
227,3,4,90.6585944046283,121.24922255145898,74.2434394751787,60.26527869249419,61.03251077878492,44.994816316388075,False
228,2,1,65.0440208102433,94.54438664624823,74.36542030813973,53.13482241341661,54.800425677701966,84.63846152900824,False
229,3,2,69.9788845902039,130.2758551630053,100.3029008977626,56.11601305455479,81.02293093202577,65.71275938671195,False
230,3,1,69.94366906627089,149.26735006649474,139.5058386923074,64.43493470469635,99.4663331382169,75.17472699550282,False
231,1,4,20.458556454135206,10.478632475696001,230.86114188240788,11.233749183161645,230.95113447414343,4.428284101685976,False
232,1,6,80.50260601644112,125.32550308915984,75.12889805293503,40.817629717556706,93.70623014230716,85.62317418965962,False
233,2,1,80.12422112775714,185.40640059067692,115.94839603458708,40.24685517872395,105.40197327240234,74.99615978405649,False
234,1,6,55.93053716821123,95.34086427954122,56.347238147977144,35.090454117805216,74.67059450572931,115.4447481516469,False
235,2,3,61.08041723922304,80.66223223779127,48.80419173058828,49.18493556848743,51.081908566443964,41.11129448314551,False
236,1,4,88.800189330233,127.74490694017427,76.60973572855292,75.03851421082086,74.97410490249341,56.11435300740073,False
237,2,6,38.62627685965852,39.021010129345434,38.88526878671638,69.06460080785702,41.40342461210165,18.406527858402512,False
238,2,6,50.47946910817035,48.838909916153696,119.92658646144365,80.08325121353322,79.20049264951913,30.984890015527554,False
239,1,5,49.52829939869989,50.22818969038286,40.440375644043435,31.58195914565451,29.209348839054634,50.385219918762296,False
240,1,6,98.4194333263305,100.16682002513427,79.91319172192426,60.01266038174563,59.75321218832915,49.74104876340067,False
241,3,2,54.738744442372564,55.91038557006622,82.53806990535416,64.91155485546248,85.24081782482916,32.162479394192985,False
242,3,3,34.905516594106835,65.76559102974636,36.109289329216814,67.03361075406212,33.23333305156606,64.36124646392517,False
243,2,5,76.55101795851411,102.7795944131559,72.94719633588956,102.74553138999298,75.92950958689049,44.45208275401033,False
244,1,3,43.82253485092403,55.88457258794592,44.988223333394664,64.50957499896373,44.17023634852377,74.75535489165432,False
245,2,3,65.10555574327752,39.57660972281054,69.92104064653029,78.23610397334132,140.33366489441624,68.58726953340738,False
246,2,7,65.45245511785934,80.69113539943679,140.33632149849942,40.202803907306254,70.19255483639235,71.00981721026918,False
247,2,5,45.25860276849801,58.565090474964386,30.270450706721718,77.97181444966604,49.112043349103175,65.8165495971961,False
248,2,8,75.35598583397363,91.1367205905546,48.904470523535075,109.99223444783993,78.5901301155802,94.77703038461738,False
249,3,3,74.33211229275565,90.79188142066073,89.56928415290758,140.56640267546757,91.71889526189359,115.03483635274827,False
250,1,6,75.22169204756975,95.16252461159536,93.94808874608121,94.73406601482328,95.16075256820169,86.25308405113401,False
251,1,2,90.13836103263834,60.351794201518906,61.80651152527363,39.35751542813988,38.219328782733065,40.23917524988994,False
252,1,4,89.39779439861894,120.6988028827039,121.38834867507168,60.777239977243354,60.53699047879491,48.96784796933215,False
253,2,1,85.22135320154173,79.80627271123767,90.36916949391167,104.24782999657421,95.93505431379823,60.263216039261145,False
254,1,7,72.59046450878729,94.80071510520284,63.30867399272546,84.93481113365507,67.0301621616831,87.46178239249589,False
255,2,2,55.51774408592654,20.090105330054495,37.17803236156029,20.457884524565284,45.28156136804833,73.85622246926371,False
256,2,1,33.679525538092705,33.441984006615186,33.88171698076223,36.73935797563838,33.63870099907958,34.89517069016859,False
257,1,5,51.51106642437681,96.34464361298633,95.68120490054626,33.50430215420079,111.45753025077228,73.470738060143,False
258,3,4,44.70729950744914,29.59216711498631,12.762317377022216,85.1148760667545,63.89135546455936,63.396591956927345,False
259,1,2,44.322821324523126,64.1336144651866,38.43510802868706,63.462314635748506,54.73016395329107,95.98566100764613,False
260,3,2,46.59995726569294,76.57109682429507,37.260071967278584,69.27050117762911,56.12352226704234,83.96946951894506,False
261,1,3,93.55298799603953,80.19978459908944,105.8076570755333,39.60042614901044,70.29791636308576,99.9115830221079,False
262,1,7,255.60782945325062,9.45531386856472,9.873129417377502,74.81392349459934,134.39403698869432,55.79875670542317,False
263,1,8,90.2956972465105,86.34937377114623,75.92425728349932,116.34200936504364,100.12946377436587,113.78433392924474,True
264,1,8,115.27860347725064,114.22950497627204,85.46274157085342,90.98096657933368,73.47912463237898,99.28499409699064,True
265,3,3,100.98660960920714,75.27754413659034,114.85930591346293,90.5127328540833,115.10434593148865,85.79419023362257,True
266,2,7,48.953067003976315,65.5356467898747,49.74863760228568,46.439025143680624,50.10021017924283,40.79575125258377,False
267,1,3,70.5914132926097,85.38369550064665,70.98388740550303,64.88937066088025,70.06888480741331,53.268883632697445,False
268,3,3,101.42559340325488,133.489832635077,111.23854918568111,95.7359184150447,97.59753958041199,61.51386468447635,False
269,1,3,99.49215810640581,163.84013442947094,151.04650543149458,97.169883778669,121.18083225592403,70.6818792152393,False
270,3,6,106.46851589955372,89.15148613752618,129.76860652510592,90.56320550010896,153.32708213754844,111.28163473442812,True
271,2,4,106.58891305955923,129.41638452532928,90.79813994499719,108.06365009767057,154.25587743818983,90.40349068878014,True
272,1,6,100.9926108680354,99.52061201857401,100.17740472967274,101.02204757429394,101.04036266443748,100.80777247429823,False
273,3,4,39.07486336462915,44.324061433964985,34.43792862704024,65.63893880672116,55.87578996090908,71.65852950347768,False
274,3,5,49.975825492973996,64.37695972636864,44.68044514744488,84.39317274230628,66.0697258626146,94.46562403257347,False
275,2,7,69.44175518941518,84.52957338673677,61.78777726553739,106.71096344381951,85.89683690745717,118.43480281161644,False
276,2,7,69.97204182837476,112.16036299562795,75.02865026268171,145.69690215076085,85.26101166461214,146.19718547819025,False
277,2,6,45.840382733059194,59.51260208098017,39.51913493967067,69.92853707395227,49.85176792936378,45.11532941787705,False
278,2,1,59.79618942425624,85.96665432635223,61.127020497256034,83.5779584701897,60.735953221821696,54.19936443702156,False
279,1,4,80.33906634671145,119.32999900605517,69.7615550070927,111.68313026875829,69.98773596460987,81.43854963559043,False
280,1,1,80.04658660842568,160.47403817449631,80.52539835134635,128.4817986869039,77.2368040164195,100.13162792265524,False
281,2,8,51.95217507516877,70.79036162346294,50.250255338886866,50.47671888947026,50.75293379981237,38.52478908191737,False
282,2,8,69.52415917179572,84.95672285421244,70.9504558558058,59.869127484797545,71.95910778861916,49.784449107268784,False
283,1,7,100.31059135664661,109.32322864293421,90.90497168107099,82.95517069645423,91.90415671005803,59.01637614654925,False
284,3,1,97.92268366255618,151.57702184856993,110.45914211972249,94.19249642843788,108.96675718245919,69.80386506163212,False
285,1,2,34.125337654652974,53.14717194242009,36.16986612466214,29.215143317083317,30.21412889946694,33.99921607470094,False
286,3,3,68.6915111691819,90.42970984735132,69.12850618166858,59.360122231514914,59.02295135019531,68.23271622878582,False
287,3,3,37.36837149597227,28.441736918614573,40.639905088762696,30.44900120291603,41.15442076792301,58.92171704323801,False
288,3,8,76.34469142258968,70.65806088521876,59.901440295844786,49.16631599514323,62.124411606983905,99.43734252115777,False
289,1,3,44.564503937574,44.3868711559263,35.90127037398998,18.81444401406892,29.475124557676228,20.165865917378756,False
290,1,2,50.49873181805349,36.16701468148362,56.10079960470162,25.58189863724609,24.267815550167757,14.155145687943069,False
291,3,4,61.08327642503949,68.97388739033998,50.565339366519396,99.93294373852362,50.419450469672604,64.60036253423533,False
292,3,1,49.73212598672826,34.485768097321696,54.22636884835126,23.05971097825767,24.54550286704582,14.562229814765987,False
293,3,4,59.1251247589932,50.551951721109944,70.9313402475157,50.36222308167003,90.89147805001036,65.0152471217923,False
294,1,7,40.270813547415315,29.923616907612455,31.92679334616826,39.75567940677033,51.27090216642322,30.768398447458047,False
295,2,7,61.11574240107131,49.3997438857715,51.29546065446529,58.23052540526054,69.65311983639461,47.42941799257696,False
296,1,1,77.73502630395028,70.41425411389567,68.16153095612474,89.7576364111316,101.12470389936092,70.32028286401668,False
297,2,6,40.87918229455774,39.91678377703965,51.502390961249795,29.674960264279324,29.823317911245116,31.4814174197728,False
298,3,5,69.66042131589863,68.88864691958621,41.26672129881837,61.857723478862916,41.55952186532994,61.06803029495123,False
299,2,3,90.06633039876647,98.40844643617163,58.61753134084654,88.71228188336707,59.09659310970968,78.66032788952592,False
300,1,3,41.04323281669441,55.42525235649614,29.077466415175675,30.32797479680956,30.996054007292102,83.8480782803628,False
301,2,2,59.50594711085916,84.77734329505063,58.80715381272614,48.802403770920044,50.437973842785844,125.0354027460476,False
302,3,8,39.70559971264562,28.61910586812588,30.22676783213772,57.08885755813022,29.406385015792893,86.90776591056243,False
303,2,5,62.280110026366174,50.755255567515555,100.10803014752037,85.92062688907158,71.46560614470744,65.97661872468517,False
304,1,4,27.112959609102784,25.610374591319726,24.942693383771562,46.09988760672043,33.65035616284614,40.16434138647727,False
305,2,1,38.41021424624103,33.23605626824348,34.72368631566218,63.9011776990292,54.20633173911415,49.07693652010418,False
306,1,5,69.81441124126606,65.39655461639995,64.9603896342818,123.18749947495104,113.25627787273527,80.67294344407208,False
307,2,5,67.27904738149384,84.36713553511062,64.37630821468156,163.1468195101508,133.22718069090956,100.34990921783317,False
308,1,3,39.5997622332455,31.974610847706213,33.31412700707915,49.708046162628925,50.93577748367565,65.225001667878,False
309,2,6,70.86887362010508,59.981589234525494,61.433556870574634,81.55865388616193,81.21047310939628,60.08103777606404,False
310,3,2,60.03570341037565,38.78826776375647,58.40565125173448,39.48675818905196,60.46845550105681,34.32404779889827,False
311,1,2,60.832266932639556,129.22979879157577,79.94337964968157,60.699956996163905,59.49314787207269,70.25123519142005,False
312,3,3,59.22883983467088,60.16566300833647,59.9198384260987,36.30165300224351,35.48306852582606,30.612780646866195,False
313,1,8,80.30633498852099,80.35291857287592,79.07317787991911,54.97388655931064,54.45731046233085,91.29327669091198,False
314,3,8,149.87315713526385,159.97865194422567,99.85803078716935,95.14787809446334,66.62361162217915,100.70554206510333,False
315,3,7,28.661309134726174,43.74148292111655,90.66216720980277,29.391324618449865,29.90115116654553,37.74990033724078,False
316,3,1,60.59098475256595,89.1428517720212,44.249942057696956,52.028203629875826,50.15937530936294,158.81167330846696,False
317,2,6,2.0893541220108958,91.84700845622842,44.86299422875109,31.04931575857485,30.779705555680216,42.007623533844075,False
318,2,5,63.66767366999658,50.73393455203528,21.939130782354866,50.66482827448618,23.89605959479108,27.648976282292566,False
319,1,1,82.84356139213013,71.41085721105648,43.7623164682289,69.95687854805884,41.1145106706781,46.355582980653914,False
320,2,4,103.6479735471882,91.76013424538607,64.42940474870589,92.21678364218587,74.15491106266253,67.69976670814413,False
321,3,4,70.91606626846843,61.207298229919026,29.407607642062718,18.272366180936814,28.991120541550522,24.86010178272774,False
322,3,8,141.85719693976853,119.03156088037943,61.0142135399477,40.047356964532746,60.86362983373967,49.826768380741306,False
323,1,6,50.56332888635246,17.599080500040923,38.943502163404546,20.570129034575054,39.268676946584996,18.73764211084371,False
324,2,6,30.817280621247473,45.91187962507686,135.38708565586202,43.348112362565516,90.48709594176927,29.30542311061073,False
325,3,2,50.717083214225525,44.1731782984549,45.07975267453795,35.223533773397165,34.77925928281011,50.121856586536204,False
326,1,8,69.7595060857053,63.5174507867582,62.85081289740627,56.018003823538706,55.71395923084891,69.48421000918754,False
327,3,2,51.82959776634582,74.04932159385338,73.88217045547292,65.80357265584301,63.5691733289207,52.02049078061394,False
328,1,3,49.18925864758781,86.05100301378269,127.57759389355233,85.63637764554132,115.44667140295948,21.571818754714535,False
329,3,4,50.09653277989713,85.30829340756802,86.33795998315874,54.87049988522756,53.37916897786128,48.79139217091282,False
330,3,6,49.99167388065558,104.58007280538867,126.40678376016578,55.26019044926664,95.83817381267674,50.79705590058426,False
331,1,7,49.56981544632193,68.27896180431128,100.765452650715,39.71041967516161,40.84661257182928,29.401500159368485,False
332,2,6,57.99245913023497,90.33071937492113,140.72152897947143,50.60371230731764,49.173026545217546,38.734701957017684,False
333,1,6,70.65469743370596,109.70242411971174,179.87800295280996,58.73349537842935,61.73822801584698,50.781417121856975,False
334,3,2,68.54118842643686,140.2959972930397,230.1533864703755,60.10142154707209,80.03334130038667,47.48887527236638,False
335,1,2,29.6844754245858,38.45854299447797,53.5153073404073,41.241527014180946,55.11804773166384,59.3701799697032,False
336,2,1,59.55624178615645,60.079816646089476,76.46866857028618,60.20872356466075,73.34596426322892,81.92908363578067,False
337,1,7,60.6329334007621,100.17760321394726,85.37023719212331,78.13944901608875,85.98792719463428,99.97665830036757,False
338,1,8,38.856597856158814,44.98278923095907,40.78251417641634,64.22433104961206,39.755881520147604,65.64645359421154,False
339,1,3,71.02677480680101,73.28727288551443,62.02130903019911,105.8420329631722,59.67337751543283,105.37810380460118,False
340,2,7,70.2428305176582,74.19343643011322,79.94161950498591,134.61751811449187,79.56821873865705,136.02067419994006,False
341,2,2,60.30698752904483,48.743019277392655,39.91044597093712,85.06778135779325,75.59649889924727,94.38097930015691,False
342,1,8,59.946920842512476,40.23268581575029,50.30330813048779,76.58769291036597,86.0114561115562,94.55405521470261,False
343,2,6,64.45917769451229,72.83717985238029,56.088949879171096,48.549771830623364,75.23436665067356,85.12295034314378,False
344,1,3,65.73622866524198,48.21356821270974,55.11580816627175,76.30318762814267,75.17209876320852,84.68265083299396,False
345,3,3,49.115223668834766,60.28131907905539,44.71328312656245,100.89402287715465,80.0507967535915,65.77304219284584,False
346,1,4,70.21319119866587,42.914390947266284,51.951489012505775,43.75728843363097,52.28261514276683,39.51610468232487,False
347,1,5,99.12070282427293,74.09763007886271,82.91142078448298,72.53888836109651,83.18566897025974,55.12564107557417,False
348,3,3,44.710810596377314,89.03476075068592,19.852203245182384,63.58134229881564,19.772015943749256,64.82268976013218,False
349,1,2,70.42600646951034,121.04556230940216,41.170637478096886,94.09541794817137,40.14308323585663,95.5191358900999,False
350,2,5,69.00188330300836,139.66076586366086,68.68080626619304,109.41471386859223,65.05819464677953,105.2166500355023,False
351,2,7,129.83776333326279,68.73213043785965,34.9918217924252,68.4880183520684,34.93689601762437,59.78097606400926,False
352,1,6,170.07618722646305,90.99672409527214,46.784150050093224,90.60031267970946,45.69077700204555,61.00604133601717,False
353,2,4,60.34309493583945,61.30146666225774,41.043462014135095,65.60290157747444,43.06391603338562,34.61278689862249,False
354,3,6,68.24104498091363,99.46409848533992,69.0322088916629,104.6520950737677,75.71387228515138,40.128611434522696,False
355,1,5,69.22125291580109,120.22236058482417,98.69971085183131,144.78774817378664,105.47385500634489,20.8999507124882,False
356,2,5,69.26693671072641,84.207680312934,139.86924826884334,84.81482907692184,72.83712842806212,20.473419755421297,False
357,3,2,58.27429293397704,24.31099410651509,34.341402918248164,71.02386073666827,79.93893094999076,60.79321272431981,False
358,3,7,79.59465095801647,45.5765949183658,66.54893377217972,88.99991264293689,110.43217645087425,78.52892636085554,False
359,3,5,58.898436168079975,60.73764176930747,60.46410812193201,59.45426965328584,59.66325120283353,58.62744378604334,False
360,3,2,45.20988850032444,99.2751490738049,44.367087697961345,45.3436112693288,46.44325180746961,9.983330582759345,False
361,1,7,48.62885891097885,70.71880406319261,50.8062989961649,50.17622626993145,48.59035093069698,70.45466836418827,False
362,3,6,78.36512795263354,101.38299709228743,79.99240247646382,81.57935892746666,81.95179039819016,101.51264810197296,False
363,2,8,49.15480121917591,86.15384013076923,40.792607431939125,85.56538754219729,41.54972653891373,34.483011685521866,False
364,1,6,71.31838647155054,115.71758903208007,58.36511862118968,117.93859622669054,60.34568352353343,56.373578374286204,False
365,3,2,44.807051334282804,39.83511574685395,61.258649140516965,40.074211912991814,72.49652033089801,48.24159262184654,False
366,2,5,74.02254054367877,70.53131361956333,88.4119785981963,70.5421227397273,105.55058875048934,80.18901837731445,False
367,2,5,75.87820454095693,111.43886371790134,109.27630938465067,110.65264700072781,105.11629222310515,79.27109295105309,False
368,1,2,74.23584694370214,114.0517204592438,60.68446532126433,59.344885730831244,60.00327992872492,90.44075224706764,False
369,1,8,73.65044401562677,100.64318542531402,58.6098098315668,100.65568387325769,60.033546192133464,63.97593244403504,False
370,2,4,69.85353061127861,55.21665328885225,64.45156369490846,94.49187370348434,87.03152451312546,69.44636525425517,False
371,1,3,69.85619344460484,93.8182911431778,84.53125293482591,57.44789093204825,64.64808650439322,70.47462128175822,False
372,1,2,48.94806901566007,48.774378542566225,43.09620198064567,45.04908734507934,41.03324778445622,58.53842323956,False
373,2,2,111.29848368798108,77.51719734414058,74.16955217856899,74.42655198603072,69.90550806521541,59.21811387199796,False
374,3,8,42.07822118258625,79.43369681995685,65.20629772544193,48.15496468151394,34.10913222110167,36.764799775107754,False
375,1,4,63.28242056686719,119.41704065178142,86.44771357732519,88.84065233739743,55.99340805580217,57.09588744841305,False
376,2,6,40.38319409861178,39.204889355245406,54.11024087006069,40.23082523812751,71.74039968418133,54.82685700984544,False
377,2,7,61.471750479197055,70.89999576290866,105.32481422866334,69.36967821485956,121.08407523690057,72.01507625745452,False
378,3,6,65.92799665251849,40.165392534795394,75.86503472379368,59.30749935675505,87.16703409278934,21.242452722044884,False
379,2,4,86.25552158150656,80.17015198030289,95.66435586108649,79.94694139498644,104.08391171933732,42.70449460653961,False
380,1,1,44.59441743535322,94.76978256604767,50.35615610534825,39.180727891059185,51.70760407870899,76.25419945564506,False
381,2,2,75.11164063567665,125.99836940356609,101.65313477718145,69.50973195666901,79.9949023540441,44.541118485990324,False
382,3,6,19.854392700903333,15.429162367716216,20.25929291469074,10.057744157963795,55.69890563340775,79.75621582319967,False
383,2,1,95.65363835300522,59.73883494371656,78.39854461731858,102.32146282907705,124.47812918467065,81.53361752920786,False
384,2,2,68.7943742024094,70.10891949907145,71.19903430514684,71.08065292556302,69.79543356206989,68.96850078588167,False
385,2,6,60.716847808975714,90.51940366309798,68.8444289720127,58.83768768593532,119.51497108363452,40.62383961690143,False
386,3,8,46.21106741851933,73.96300034320163,36.30910082123585,62.2020487621652,31.71592038714055,46.34120071410036,False
387,3,5,62.952626298376,113.93252588944466,65.03361078329178,81.49887361453722,63.30951852528246,64.56860021485276,False
388,2,7,63.37215158818204,162.79181886070717,75.00613861792071,91.67280736120641,81.82198434170088,75.04326967327879,False
389,3,2,18.881840310117223,40.14367769296444,90.79116284751697,30.03690875451283,89.04380953008679,24.653844305316646,False
390,3,4,40.47846468826659,70.0350024331573,131.0773982312937,59.93811689106631,130.430204834892,25.21320073954203,False
391,2,6,99.69682692363693,68.29277585906844,82.73391740588349,72.88732526763863,86.86547481232407,51.16555733639843,False
392,3,1,67.0710436414295,49.62069692298606,69.44465037708126,94.98682406129177,80.97243982371681,64.95214366786576,False
393,1,2,64.6547339648612,128.70100055924573,60.22827137404259,74.81158080500036,60.94159625058381,73.6046219181601,False
394,1,1,64.7614830790988,150.65618030115454,59.854876596001255,113.55837945722938,60.28754647908361,115.00220822708181,False
395,3,5,94.97887228197487,24.78842437484233,46.97750192735848,20.97692645795844,46.71960194413623,23.634772528209812,False
396,3,8,49.25533310869355,50.31748998325139,50.23167605012081,49.66447112204236,50.547853521678356,49.977536127149,False
397,1,3,79.79274382380511,79.99537387104674,79.2966732593617,79.49985630201311,80.74685105500963,81.52978134756721,False
398,1,1,81.597015634088,121.7763294291129,80.84351828683761,119.39105342514799,80.74015012317555,100.55773937708973,False
399,1,6,71.20978932770498,39.105744283268294,49.998902344654894,52.80272087188348,50.133841165892285,26.92470549680326,False
400,3,2,88.62302522642027,59.46476378534794,70.71771241293668,74.67546985442866,70.11935324161855,46.086671907321374,False
401,3,4,111.05989974303071,80.74924763552862,89.40557101409655,93.44592792205526,88.65563703996462,65.68205048779967,False
402,2,3,36.065842033266925,65.32653708212334,85.75530733521794,73.36576853374109,55.537512325754975,32.0821853103256,False
403,1,5,56.088741373538895,102.75973129167319,104.4209651492219,95.37609600791099,76.4736085884125,51.67644738564825,False
404,1,4,57.055254023286956,84.71852828114135,103.38189828618964,113.09122373477742,74.57545323758934,52.8441311383089,False
405,1,8,98.90390659866995,90.49986584363707,129.35347145160813,43.602477108811264,65.33532989925587,54.149799427952445,False
406,3,4,41.09317645021174,29.144016213267076,53.83996790236773,40.4105047235504,66.22616040870756,95.32955350937355,False
407,1,4,45.53095189062219,74.81168915778399,60.99221422779072,41.019405159133015,31.404397727390762,50.32461919369671,False
408,1,4,65.8148505429494,94.96125887969345,101.09903197868421,61.02716013320826,47.37014493101149,50.92849336993199,False
409,2,3,95.83546627617291,135.22682555908895,80.36401587159884,109.0702892866861,79.23231680003492,101.77695247158235,False
410,3,4,96.23840097724576,146.7312228207226,129.98874983584835,120.02986947350863,89.75454540340381,121.59804550660353,False
411,3,6,40.99127450160669,54.809959516282454,81.99956934262451,35.18407298426994,60.362974399948634,29.87540187605818,False
412,2,3,57.767380099222784,73.64736883437635,99.38761322232094,54.07809178344186,79.82302747949127,50.3043234542735,False
413,1,7,78.35642418683103,135.3724391795162,128.28593330582567,93.40227554911051,89.27870132222482,71.38013578448941,False
414,2,5,80.47347248636301,145.61892545536816,151.02310185837626,104.43673235212523,108.04243109073504,111.17377864106867,False
415,3,3,78.86206506334335,101.45456253987476,200.7495975550493,50.481820054132804,100.0008434244677,50.456672680118395,True
416,1,6,76.86742573557414,50.8220022131057,101.40463625587668,100.3278925242284,200.2426741246194,50.41542683644516,True
417,1,2,80.35690295951929,73.1189218347363,149.3957361120871,75.02784413672092,149.76790388760938,48.923776984965635,True
418,1,2,81.54626119598615,80.41301959798076,88.97745774325767,111.03159754988792,129.16658017685464,110.7120877875553,True
419,1,7,79.53801492030868,99.51244592550553,119.31438877041886,137.75490099747833,149.18978669708517,109.73193010457298,True
420,1,7,79.54634745123303,91.12747540601447,79.62613055631921,131.7291984638631,110.21455125044493,110.22968381806464,True
421,2,6,80.31669932401455,131.70656470796658,98.98196964583617,160.76352067116244,120.57937185654222,108.83376666862695,True
422,3,7,98.12305821599573,100.91353289054017,89.69202404026178,149.02793181678098,137.8651360141335,88.77969394175064,True
423,1,7,100.20707679578729,147.42249254006916,89.90447879463284,180.8705235443254,157.08361348504278,90.21427636924241,True
424,1,3,99.96207184991687,149.36420186234906,140.36897701788192,98.81556207712345,91.7005810610777,89.32963104503474,True
425,1,1,99.66692229671897,179.64443695962976,158.55645219914027,147.36381599212743,91.49435418708883,90.04867261781044,True
426,3,7,104.01682248063068,151.9666663076587,90.73600184221198,149.7394757253124,90.3178609297325,95.05702225703061,True
427,3,2,106.7484086190843,179.39317002863282,97.57874372628199,180.60416146010834,99.02036323218411,111.86885670262282,True
428,3,1,100.42957819206958,100.56474451891543,98.92922795423782,99.3551550331608,99.04851630392483,99.9997344053747,True
429,1,7,52.00552935510903,148.17104120139558,50.59094747173881,149.24639261335733,50.7992066285109,149.4956912503205,True
430,1,1,48.091962074157216,179.81886732633814,20.120467431992843,180.39456206528004,20.52264181580262,150.55878995256526,True
431,1,2,48.171370506707376,69.9234137372466,161.1887434307827,71.18936116107541,160.23955751953267,90.47057986545448,True
432,1,5,50.96245818086632,94.16425956344116,89.4480395834274,92.85332361064688,89.8457606306464,178.09030265616246,True
433,3,1,56.253541204450826,66.70371431585446,63.834672324647016,46.09427543338615,56.863149982445385,31.132985017988073,False
434,2,6,75.39078435711453,88.5554677633993,85.27731825904826,55.50606934094897,63.49638672485308,35.45381163180873,False
435,2,5,92.36819721416242,110.09155631282782,105.27564967238095,76.68361356028119,83.92706082677857,54.3936258839796,False
436,1,5,44.66020160161544,58.778036840871174,44.428792889495156,58.27336442177783,43.21536311031086,59.50902527381888,False
437,3,7,63.34830056805975,79.69797215077546,51.941791673629446,77.89176580717503,51.28810088822223,80.5496308841745,False
438,3,6,77.10513968683775,103.23312339856048,70.2175632532522,104.53621316752852,68.52530155323659,106.92683660427261,False
439,2,2,52.8118448542902,52.462056948480196,52.94689937619161,62.116611242041316,56.31864185477732,41.29342779238473,False
440,2,5,65.87692688597254,64.99553034242925,66.85560090354116,81.18645886113316,76.94795817269781,50.65708292003004,False
441,1,5,84.0435405070006,86.01691517510866,87.18449316423877,110.29197131802239,101.30374853005263,59.41150600117751,False
442,3,8,39.707212003652224,54.27380801628189,29.680419859272178,29.256422408938974,29.056857690585094,58.70832828624178,False
443,3,8,54.54245303868242,75.34979451782753,50.073554667847766,41.69971595343454,39.88221282960222,80.94892370148654,False
444,2,4,86.04721637539046,121.26491709260297,68.97842726537472,49.53818083283487,60.15733606321493,99.41442872633735,False
445,2,2,58.00099654444929,45.34553554156322,38.66731362961421,33.998702926227004,40.126695139747845,29.782805096750067,False
446,2,4,77.56372379238239,85.40094356697189,60.98235156716364,52.73488994302607,61.684489356409294,70.63641276056097,False
447,1,5,35.82646672034902,25.149674579713817,42.20670788698869,26.51670726945151,40.239386847982075,24.87083652324838,False
448,2,7,75.92697582217521,83.81946368553541,51.015737776151546,53.36624643907565,50.262255393299185,64.32310354023348,False
449,3,4,44.73222156970693,66.85120120947107,32.82964727916653,40.18524683660869,35.31188474929101,46.244429950402775,False
450,2,5,61.11544425210626,84.17500228070523,48.554939420368534,60.224514624581104,49.310909729832886,60.98565527921644,False
451,3,2,79.98368039154713,120.0445487328322,78.52577500865868,93.95070656267414,81.90190278289722,71.44271238695914,False
452,3,3,40.18405211263057,31.230697673035838,36.05203946878012,48.44661168799485,69.95787932980336,54.64644319231384,False
453,1,1,61.98118280264817,70.14763615172404,64.65662230688633,125.35490791399009,105.43011894846668,90.2438635066949,False
454,3,8,66.60929209337554,127.29129032314138,40.17904538127967,30.88734219680526,29.723745604976937,57.58273707981651,False
455,3,7,96.19836339378837,165.1597407505673,61.30551710538104,64.27804018392175,48.572824081211216,58.507274950263245,False
456,3,5,29.994909480749318,43.38811609922132,117.91618013084012,42.62311973299892,88.36107856727132,30.009523756166026,False
457,3,6,60.944317932153254,50.73291587088232,169.78220107269217,46.83474896154736,138.8519033681826,29.276496222741326,False
458,2,4,42.21057028082098,27.762544590377082,46.29360876813826,27.403628619567293,44.77825707286823,37.21882313303669,False
459,2,2,59.60831181712428,58.562415698521214,83.9673473858683,79.22580170404015,104.90135610844277,36.150443022794484,False
460,3,4,59.606536836778396,79.98949424324023,104.03505790313226,60.83168016501996,84.82551171507124,36.04469110575015,False
461,2,8,60.630068697082926,68.9990809597849,94.53603844349512,70.45689085354111,95.09742129748655,35.06038812479089,False
462,1,3,67.36956280518388,95.60722754369846,49.23869778435326,95.20757498236105,52.3049972202313,65.44074287782047,False
463,1,3,30.602235712052448,30.271654036054482,42.72152561347437,29.68169584755579,41.18744615798765,70.72290980922978,False
464,2,5,70.73254270402661,80.24629144819592,101.94729842259343,81.40848926019935,102.90229148324806,41.22108871522234,False
465,2,6,59.21257367718587,46.7697336732596,69.38092252272686,46.712711104344685,89.82091514999026,95.39491620401323,False
466,2,2,54.538858420078235,65.49145565293472,34.31222187553952,61.8196827912393,28.95505992383207,85.90813965626727,False
467,2,7,86.62073911969841,104.44173311344882,54.26347529651264,83.05072848984173,49.58554087028974,114.32631609745039,False
468,1,4,47.04272017406195,36.06766162367431,45.7561137869079,62.30589633017828,53.0697130362687,35.698396686499024,False
469,2,8,69.54728611226747,60.19424243462106,70.29208953040154,85.90543518149519,76.7193926391079,85.45604668398497,False
470,1,8,75.96391959173002,46.30803180132184,47.480860675920674,58.508674271324566,63.40503582240492,32.9982038957575,False
471,2,4,111.63676816016239,83.17666128791097,68.46397204093721,91.4445560061961,81.8509309927284,38.641615350879995,False
472,3,6,74.8318100194927,100.49584969737039,64.6638535262552,59.59266034446768,65.67915301807314,113.25251204504181,False
473,3,2,89.73572297991565,50.59293358050853,35.27153012676767,60.5321251356741,43.817090449042766,70.77246209917999,False
474,2,7,149.4424039520758,80.65532952029295,44.50836822466837,91.35312211479923,53.69103990621322,80.36504122732856,False
475,2,4,55.424444310199725,65.02822539804286,42.721269550938665,44.4357461313746,55.76318894149268,84.89889583250526,False
476,1,2,63.889772369741614,75.33709725052955,82.95275515873915,53.909298266593254,96.39810304239987,105.21455019471979,False
477,2,8,65.56112969068192,136.59285206839715,92.92733693690154,53.34440186985074,96.08559109844401,134.38468569134105,False
478,2,6,58.286150639663404,60.32221605852506,60.66999934462809,104.86364562339254,104.32818047028371,103.99104749701822,False
479,3,8,99.58531590933478,124.56481096352813,52.32195911295087,104.29632733456721,52.783798145036414,70.91196770931053,False
480,2,4,49.897502726009044,56.419541293589674,43.1322030670407,41.68967150755641,37.36318540901702,85.23852958237032,False
481,3,6,71.53046084148427,80.67307658538533,63.35326634032505,62.81787033892294,58.71061441300212,110.89677757804787,False
482,3,7,46.70176798522183,28.207467410130192,49.64110985927246,64.72673308058675,49.460599555499186,45.3675491164097,False
483,1,4,63.69067051876135,63.13127041973127,47.45906369443105,40.27089346971456,40.37707411234869,75.31586079945546,False
484,2,7,102.9294153277131,94.03547121844625,66.14473317147299,71.2849783373252,61.49075150461277,82.77329594621398,False
485,1,1,59.304671302502165,23.08853942563172,87.98935192116295,23.34831699021902,86.38686117941839,25.64782692657407,False
486,1,3,67.45221742535239,87.73648528154351,115.50080228091555,77.96965046137875,115.88779049911943,32.05002706145964,False
487,3,6,50.58438580786157,78.95316556125549,96.33965412014675,12.271347125068313,45.061041226622656,10.17702937312056,False
488,3,7,18.78965005635806,24.116924565155816,45.38302911729618,70.84520200053133,88.62134219857799,59.94101077860265,False
489,1,1,101.47304896115601,3.7296802345008975,3.846342916315538,15.120165200632812,64.27634780687238,29.6622644903519,False
490,1,3,77.2053319292703,64.73637582417703,45.945576160013175,91.26906653862699,43.487665254240994,89.89293946304934,False
491,1,6,49.3551137261266,92.87416595535926,110.49875193962954,92.92256399763593,109.32551996726761,36.08469711887905,False
492,1,4,57.19369227343468,69.66790969513843,43.864376092521155,39.419248392562395,45.60724706560663,41.899553353197355,False
493,2,6,68.0997116798057,90.26789514250693,65.07946744151124,49.95319902429389,55.561932748105924,82.21858715260205,False
494,2,6,109.53453127249159,130.13889471552804,95.05731855625666,80.36511079806763,84.97994928101544,102.22089259369497,False
495,2,3,108.42354756599448,170.87687452509948,115.91679898748987,121.76157550899057,94.18879456391755,92.55207485171961,False
496,2,4,133.5766864108568,83.34332492663076,39.2868311619776,38.44321470348479,83.59736556659843,4.3801007090438935,False
497,3,3,38.71817329151708,71.81103677049151,41.872718183983764,34.94552249827479,42.20155155669278,60.181670546994546,False
498,3,4,71.16449008470198,110.14226064470937,71.62798817706519,116.62396690321243,70.93887188141936,90.62505703706346,False
499,1,7,72.72183569733559,145.30671321029484,87.5498564925951,141.54507362630426,68.92019395221564,113.37015527586107,False
500,2,7,67.78497733181486,71.57433145060813,79.10060816103207,39.981098280938845,42.417458585802024,32.42295655498679,False
501,2,8,107.29994069411119,113.76326215370867,118.53276898551526,66.6582031423754,71.33596165689644,47.52562685093227,False
502,1,2,40.744218131332666,50.843048304351505,91.65298475389964,29.98368742405954,55.37955656445205,65.21243434228087,False
503,3,1,70.2271260153243,90.17679175279052,110.4105202333248,59.07119912852521,74.90479612946972,94.66747947136027,False
504,1,1,48.86101193996453,61.628371106083634,39.5443367610656,61.46592589055136,41.081633756559405,49.82353441518324,False
505,1,1,80.61898862232196,106.95866096084849,65.41601418039502,85.23225508106361,64.84390148246437,84.57115983209928,False
506,2,8,74.49896926976406,100.11102148522328,70.61672911206281,91.25515919388664,69.19915530434702,45.61873425265166,False
507,2,3,47.061702406661624,47.862463433041434,56.358683574608925,49.00617967126688,62.63027586166043,66.6429749056607,False
508,3,8,66.48234486391551,69.68043869045829,76.37879799252975,69.45483713102182,84.419145298492,89.55576412346211,False
509,2,8,45.137287827799824,18.256625095431637,49.48210307435705,59.09026355109436,120.10608665882495,47.48722359950952,False
510,1,3,57.301713611814826,60.30305321020071,49.164624740327895,60.90363435288324,59.12797213101539,39.49202264521575,False
511,1,2,91.0153037796769,90.49710040135439,75.62761294244679,91.48740729878904,85.67668743959891,59.12522236571267,False
512,3,1,89.19573940362301,133.14090787048565,104.22648836860995,133.1730214096175,104.3312378654843,30.486124329540445,False
513,1,3,72.22137674232334,119.76303684404934,64.48002095268802,43.95892541517353,84.46350350423346,125.25463110049569,False
514,2,3,69.78252540328073,68.94433564214317,113.73144624202146,129.471764458908,88.60899872620473,59.92290230281195,False
515,1,6,107.77349551508092,85.09571960132399,93.67653251182813,80.6775840939299,92.10635298996985,48.248056077365604,False
516,3,1,113.81602628945292,140.39929639565813,131.06503269454694,56.318135933184195,55.49991741338948,40.584771125864926,False
517,2,5,101.66984373462043,99.64732049818237,124.17981537128234,110.62932684587774,50.19548292278006,49.510766504399975,False
518,1,3,74.41885355768167,122.86460268387668,67.67944533245813,95.36429743376735,83.91150508312106,93.88748942109767,False
519,2,8,73.42874517115335,94.56181638683726,65.74466287533448,124.29980613480645,95.85581204462095,82.54552089400067,False
520,2,2,84.88390052423635,50.29672233405672,93.6464475369053,121.28586662797744,114.74995758616882,79.44931935804702,False
521,3,3,84.78851029011491,76.22806637287037,85.04270967444769,115.61277985536738,57.46584373906328,95.22490384381962,False
522,1,1,66.18513051097969,110.15285300049811,130.37646743836217,62.7947869326521,63.017151486657795,95.84234949666663,False
523,1,2,65.06422449215809,58.63507141620612,110.56084844754204,130.90689360500326,94.70307748724348,66.18462578865437,False
524,3,3,74.48161692802884,95.50643340731244,124.84039193720619,44.7642376139032,74.88505872535248,95.26595726968914,False
525,3,4,110.79909616737152,130.30945867063113,79.8720141364642,70.30528383115544,61.1150423154587,80.00859189276952,False
526,1,5,81.53605520626375,79.59383523665248,68.66542934177924,135.19509185963642,76.95584897874689,89.48015057951716,False
527,3,1,69.5523184054288,126.00384998456288,66.9116800765667,64.2501339919125,115.1408077589464,79.84568037217352,False
528,3,5,69.35140472387957,163.90990097324695,96.63475449129979,63.60701810420533,114.42886100053296,110.32648989347373,False
529,2,8,61.559511674923414,54.608816135351795,145.52513989642068,76.30604672398457,150.38937404163516,38.618666628079396,False
530,2,6,44.61762721028175,100.08920190228683,135.66214289137955,66.8607295319025,135.85148837439223,46.7224676493327,False
531,1,5,70.38999919326933,80.43194973982135,70.72576501695735,77.80689700017288,69.34126106715995,108.6189603325655,False
532,1,8,48.89166351137901,50.96932007614213,75.54264371523944,95.10426540729195,76.1618997712828,90.1948677390484,False
533,1,7,49.97998957979792,64.85513956261855,106.89457677617919,104.7126856173936,106.73162443068848,86.642436959809,False
534,2,3,50.758539420979616,65.47980558612552,106.7068332523554,105.91670344381924,106.26246240190395,85.15898595543466,False
535,3,8,49.68358451048783,64.53029647421857,108.35980017590404,105.23259701627514,107.70641303515352,85.80040074236949,False
536,2,8,51.89422602052068,63.67421823529397,107.89853863656064,104.31273840777192,105.78819749547957,87.39704451999849,False
537,2,2,51.06602610946833,64.9567579546674,107.77872013723383,105.89086522182568,104.18356773488276,85.02255419680753,False
538,3,2,74.81693017152993,73.48768431620607,130.06227289010226,75.40295947280269,129.3918048459252,96.44870170214452,True
539,2,8,80.38846591518376,106.69407157136676,106.66854873081641,104.91665436831602,105.48631221993759,79.76276731087042,True
540,1,5,74.74255825960897,124.20673571540475,71.56414904297313,124.39055375923557,70.67778422478663,115.30360422127464,True
541,2,5,100.51742967396096,120.63294324487399,119.8809864235499,150.47296456020112,98.46529569902876,89.94914083063112,True
542,2,1,90.66247807950404,121.94926355174485,100.56034536995627,150.62058077092715,120.6538818397624,101.60804183496379,True
543,2,1,90.96052971779342,90.1837521168585,106.36152466573355,130.73689177115014,104.55720362134224,74.88058318618819,True
544,3,6,110.07141847638859,160.03588816306913,110.82158463029467,79.10030120456231,110.42249614165279,99.54947140841129,True
545,2,8,150.88030839016233,101.03709930148631,119.84553003206418,100.6151599741857,121.24093423090504,90.07664589346487,True
546,2,3,150.64105922697598,119.991511722209,98.50876619611628,119.72913948289397,99.56555016888693,89.80073918724649,True
547,3,8,119.3465379870655,68.17102105142804,119.705970562984,75.51520997766758,130.21457283294896,85.5726505924321,False
548,2,5,78.7494692486565,79.98686601506782,78.97865976138304,79.94633762170432,80.7000338323945,79.44017479574624,False
549,3,2,101.70007871354181,99.77588588870918,100.85655944312319,100.73410990000984,99.1503270695519,100.35949145504752,False
550,1,6,71.3373118677906,91.66551550023404,88.50392828949772,135.52544035593687,89.95518665917066,125.8355853887898,True
551,1,3,99.20916010355303,100.39637947576075,100.6055934555781,100.58222355934745,99.46375387350164,100.36691286217155,True
552,2,7,99.00249008667848,103.13701058823582,75.25375334742407,120.51832536025486,75.67506480684045,126.29243503833187,True
553,1,5,119.62566058847212,120.93593140491498,120.81471110728528,120.35805912487848,118.79605704224527,120.22297652181052,True
554,2,3,98.97963251325876,99.58418895700127,101.1594860383673,99.83032823397767,99.23056819540244,99.14035803829215,True
555,3,8,44.9261089007987,45.12838480198576,55.0844540187011,44.82989823486674,54.4199244770327,62.405853109994666,False
556,1,5,59.08063082349986,60.468110014607966,75.43552743564324,59.43864865468361,75.08766930762107,83.77704174465,False
557,1,7,75.73297200144388,74.68873023892449,95.1812527820064,74.64504372490546,95.7697725740801,115.77383473549288,False
558,1,8,65.86771971060121,62.089807195003104,44.30473218374417,44.14218771055181,45.67614720311817,45.09992515029268,False
559,1,1,89.78289201224788,93.32865380116013,54.02539615384902,71.2380849660192,54.40111907895315,53.90612832480541,False
560,3,7,109.18324919707028,121.43484331851555,64.8080514365749,99.77024459919956,65.00381024584442,64.21182698632296,False
561,2,8,55.029439849737244,55.9628953474752,45.402353087905325,64.13259622322097,46.85347204888373,43.084273738355094,False
562,2,7,75.39606167736848,74.50982734186621,59.513144477014265,83.71362176157871,59.90303261323358,58.94524226253669,False
563,3,8,93.23877046782316,99.96140139718409,85.67353208952552,107.69917814451058,70.46882148193176,71.33021151264923,False
564,2,2,46.56497254653719,55.750491298865086,37.875434360435115,32.934506659817686,40.483705826875436,41.81843012755358,False
565,2,4,60.01402885321424,86.66888931150984,68.3302631984222,59.99455815933296,71.15135876138753,76.81889286491166,False
566,3,1,44.91400537599302,61.00939706625654,46.020046807996536,24.05841326432445,43.102538035313124,54.100702205153965,False
567,3,1,64.24262623479237,78.9953767844759,66.15264719345161,34.37231693193919,66.24728486852052,59.87687056384503,False
568,1,8,86.75081281131003,107.62580447403009,89.34727638230876,45.51461605713793,89.1049360344578,80.18785641029592,False
569,3,8,41.576800494309204,49.15073783990634,35.97532047098643,49.70036400118098,38.08214371127733,66.03676984062548,False
570,3,8,64.51110606139497,87.3237391885511,49.36707225303065,88.75250633164558,49.66760510593449,107.10802774463647,False
571,3,1,50.03071112812709,52.56430869524951,48.62501220863871,52.14841745521649,49.84005862326572,64.37059908304758,False
572,2,5,74.66267420767235,96.89722069602335,63.247221874877646,97.127077819399,63.82626530959533,99.80183435456048,False
573,3,3,49.409562042887465,51.002304295856476,47.63488697280941,53.274740503470376,47.76022919812141,64.74701797024399,False
574,1,6,75.06796850940172,96.60145333335484,62.50331771789948,97.46480208235394,63.38699478978987,100.12041612015757,False
575,1,3,49.25241374897594,53.21615084528934,47.16034809102096,52.271399118741954,46.181773489948675,62.13132184664866,False
576,3,5,74.70219471926315,95.66720662918847,61.99438711677171,98.67403453942966,60.80878110076864,100.20015267622802,False
577,1,6,76.98761761782829,24.84844140604514,46.54115861631517,69.01799811463556,54.660571365801005,24.538143535451443,False
578,2,8,115.00847065627998,55.5378042976055,85.92522922914789,105.02849493447344,94.37956697507691,29.053479099418496,False
579,3,2,50.4286707139762,55.23096008392243,50.25899503923399,35.67021849732568,30.021048906051615,42.71353982161937,False
580,1,8,61.59305523420961,75.75056535827528,61.922179647258034,48.854239352447095,42.97004813813064,65.32386540136547,False
581,3,6,79.69951702484587,115.000648966563,80.2353337134751,65.1734012498551,54.32122785441648,92.92998723062443,False
582,1,2,45.15388249675698,60.37716270229064,30.94100675161894,48.72038826820057,30.790096449565336,75.14084579747093,False
583,2,4,74.54265431253044,101.10781942574881,62.80057293793084,80.46400728076226,62.83210575565079,116.89354119008273,False
584,2,4,57.104600370157044,74.52775113684,85.1537710076198,25.481501664545952,26.67144896021601,13.751327892232359,False
585,2,7,69.1750877561897,102.83335537025565,104.69936877876188,50.82229049372246,42.42963095982268,20.416522932914567,False
586,3,4,85.57589277440812,135.99600010678108,129.93165109937257,60.02660465061591,79.65159728024919,26.06161219939867,False
587,2,5,55.754640663018236,44.5777601265888,41.34044078195649,55.52229808027907,42.759116584760484,72.99580202971038,False
588,3,7,67.74482830856357,56.737417938787274,54.11704377709188,77.59481171096688,54.98225418948977,113.91840621862976,False
589,1,5,60.941629637361615,86.33721592574237,40.67285245604663,29.702458831211107,45.42829971746397,68.06425872405569,False
590,3,7,110.49708218250316,134.22211484570985,59.32786474203123,50.72001647500171,64.50353851192118,87.85254291633244,False
591,1,7,102.73921954645802,59.73014027495485,85.48955061884561,58.36629604049721,88.87026458123945,50.26633074980049,False
592,1,8,101.77845028066717,58.93218011469398,125.5556050745178,81.07012273466144,126.72565439884826,50.65364862908074,False
593,3,5,74.61976930655476,79.38529285671557,54.23427957124567,25.075277165705582,36.402768166076505,35.36088250998871,False
594,2,8,84.23963398015192,105.40510323597535,84.1927323899344,39.54128471355126,49.55428530865123,39.28517093066308,False
595,2,7,103.76641517488243,140.92416761096075,95.98133680045183,54.90209378241046,66.92584419891799,44.02582295484966,False
596,1,6,51.621906785081435,49.91182923146201,40.42895627538452,49.715832524354,39.62249054435738,64.67896456116094,False
597,2,4,74.82920180861883,65.41133077190841,57.01690553208712,64.3454064687045,53.0397092400604,69.78102805186225,False
598,1,1,105.12051480566072,96.00507784224445,74.18457471034414,83.88772710321213,74.72740313553453,73.60480710572268,False
599,1,7,120.34784573656714,100.49852364000597,85.0277778905773,29.55566218729784,84.37854607337607,46.332458196969874,False
600,1,3,75.42662259345487,126.83469383500073,75.4584084864869,30.021323446927127,75.06115366968207,85.69389544089695,False
601,2,4,43.112714267631496,50.42690832889034,69.40898354805766,39.80814092408284,60.03776451515135,42.67684203863907,False
602,2,2,55.85139238586926,62.782626618207665,90.1841153154376,49.793758654018404,80.3465915528467,40.550431768559896,False
603,2,2,75.10765861479193,102.81045106394268,81.5558277950137,69.57832635088239,80.35347497697884,92.31252124708472,False
604,3,5,29.054665545915523,44.725804148626665,58.816832915894295,29.286893760621595,39.64660076096694,57.43769596349073,False
605,3,8,39.99006278303535,56.86408832983947,102.00232936451654,40.128537535137404,77.79375245862082,46.56717268201758,False
606,2,5,60.644916509657634,98.51476355452989,87.47425913551942,55.71339015789166,71.83705342381029,112.51602282019378,False
607,2,8,41.45619387015449,26.683458156689035,59.35709928017004,37.91406124655072,51.15667261700508,65.76561759328592,False
608,2,4,59.356270226602135,65.93519220825091,85.10549192649736,76.91689179807683,75.3235582165795,118.42205155955857,False
609,3,3,45.81051053241254,34.84835698031985,50.04992656438265,70.35976819362392,47.71174646262281,29.908961261472765,False
610,2,4,70.86067523709828,59.3558875662921,77.6781441064353,110.55211772238337,76.4726557372956,89.65002912757296,False
611,1,7,68.89489295689135,93.00826117995804,63.753006253421965,79.94076032352974,56.55598588064141,98.22198870061115,False
612,2,6,49.569359396620406,72.2178587280687,35.52824615335932,34.86928287932184,34.53106884170458,65.18061472570643,False
613,1,6,57.8927439579746,83.12758117347552,44.23149902597695,45.74477249078313,44.95829847120306,74.02865118375924,False
614,1,2,96.1795037491998,117.02255870456318,78.66089707852592,64.64335866463347,69.30826813766338,93.55219336491498,False
615,2,1,68.63108538636811,90.12099410643577,45.328983999332124,17.484897561140173,44.65812954312197,48.79826317663986,False
616,1,6,105.41196143367459,140.47117341240175,55.24735689823496,28.531123254341015,54.676279970636905,93.87811133713068,False
617,2,7,106.0799866387324,30.531584115640047,105.56903861510403,138.8161644705923,103.55369709190018,54.433458244254325,False
618,3,1,74.5601826487372,86.48467058743763,66.84898759487251,105.78553316976272,66.9787136037872,59.36761162196085,False
619,2,5,50.17564388939704,64.67413355183635,85.9322176710771,34.054557499987,35.30133603485905,55.43083109547392,False
620,3,7,70.99332377771339,96.4168233063512,125.33403871279218,64.6534081733908,76.22190232107019,43.41609652384558,False
621,1,2,48.8831449589777,75.00045695582561,69.635421821342,35.30089033941456,69.929679401651,49.10411615704629,False
622,2,5,64.37936729434789,91.34632353390445,115.33452007776957,45.341479024057215,114.36518403034559,57.696735590840824,False
623,3,2,72.41796077210753,58.521972271507174,79.7672972552613,102.89990141352895,79.71830424088867,96.00733058485083,False
624,3,6,36.48710364611869,29.201434276466088,84.67952000588522,55.97012287548404,64.72141445936504,30.345331261309035,False
625,1,1,57.9405802965194,50.348632113153066,144.0748064577928,93.27578126568045,102.73334471799646,29.480672340473063,False
626,3,6,53.09256297652241,77.98916063121328,102.35551285524535,52.04463896519103,46.58666969559231,19.708062483725197,False
627,3,2,73.45136059439389,107.4646099248398,133.73564150696575,82.21169849896883,64.64579482758407,33.470248031041244,False
628,1,4,54.37125296062339,111.37744456502205,44.04182418582143,74.82128984775629,45.860614640845256,70.4321646873152,False
629,3,6,74.0688757379967,139.8156676031071,63.14033279099776,110.5455284922505,64.08215091894087,110.08267216590095,False
630,3,4,50.85997387609266,48.395728549681905,60.78697961396956,40.25974095271199,62.722541540134394,63.255141912573116,False
631,1,2,80.60106044894243,93.30755501514825,80.04700452495575,60.50118887971497,82.3886800175215,76.16952926615429,False
632,3,5,39.85644381571035,65.32793713393977,37.10924028576316,79.75027336556917,39.45823392221351,63.81928912276479,False
633,1,7,60.92244659324554,104.23816681828914,60.66916820485606,119.77151721816381,61.562833632771465,104.79070343485415,False
634,2,8,55.70163045649483,49.977234499738366,40.796901690936906,42.28087094159002,42.37572202060249,75.11541350983484,False
635,2,8,76.22609259839369,95.63196184368627,60.46906490718902,65.93935427655651,59.411859054221416,114.36023323530682,False
636,1,6,44.08954936324477,28.183491118731585,51.22194212523171,55.41581986766236,63.556313831169305,45.088796397314276,False
637,2,7,60.16070788427734,44.476704540046704,69.35577084601842,72.79295706784023,84.58113100510451,54.66561468530359,False
638,2,2,70.31858002709777,55.083011098053184,97.28728344351227,95.12588844733042,109.43952879763275,66.63993919462483,False
639,3,1,45.65126576970493,28.815787203261088,40.27592146582638,105.11380205121264,48.642734403907276,19.153492563338368,False
640,3,8,66.24093153101542,39.37259701050671,52.23082470325233,124.60021138401628,59.61271327787757,30.481699942366138,False
641,1,7,109.62364000088162,65.9008199763044,74.2724273452376,122.76856724600631,85.19946717263426,29.91124179069422,False
642,3,2,62.05586985815673,42.443417535244556,49.695369908426265,45.094147392337696,50.90911867512591,54.78699745508076,False
643,2,1,75.05197953988322,85.48530223367048,62.09786068839766,88.08304125197581,62.1789655775227,98.5410174348585,False
644,1,6,35.50711719958331,48.56164633850479,49.63219497255076,65.0331802385319,60.52582482704888,43.500362537297754,False
645,3,1,52.62057544637457,63.64307528839952,63.880567771886064,79.21196707107296,74.30512769529301,57.90171766557446,False
646,1,2,70.2696776098694,93.98970511442991,85.00510113363242,110.00919735619827,94.54498869305304,78.38339656583123,False
647,1,6,60.758941796453975,58.342294921473936,49.65614218999358,39.91503314048848,48.53066510505465,74.08376191560458,False
648,1,5,79.17988973310051,100.86013357003166,72.45473810527608,58.45037862009045,69.33794551133728,95.12037783846874,False
649,2,6,54.30625418588489,75.02923810070273,61.06843154705914,75.82792424911686,59.320279710719014,103.07895902836071,False
650,1,2,49.24291841663918,74.53774155967267,45.37192639103293,38.922964434508806,43.758424603018,59.6014807251638,False
651,1,1,72.09359831647251,133.9713934390455,103.43314781814988,61.58142693449581,103.77887249663397,19.535352939552705,False
652,3,8,67.59038817478356,54.405823388502355,45.933276346632724,55.905863001343775,53.33306485121031,15.301016009007187,False
653,2,4,114.13592365654398,85.98254662360144,71.63552353561677,85.95158432105006,78.42261469550729,28.407205187798883,False
654,2,1,54.41630704195204,41.559388983203625,49.934603817145664,66.94400261357299,85.65572003295064,41.38759578851896,False
655,2,5,99.50503982900113,58.949615134221546,69.50203411681854,85.262031545192,105.33996152100475,60.07008024081166,False
656,2,7,166.36145494922516,74.67336775214841,79.64604232090613,40.88830988588111,44.42613689064599,62.717989697956405,False
657,2,4,51.96201395187382,45.520623695263076,51.88807308885614,59.070846824604104,49.635556847659416,65.78198193035759,False
658,3,5,68.91028070853278,74.62912419192395,59.0163498183647,97.73648330554856,59.75192863391421,106.11775764938868,False
659,3,6,43.75497202674221,50.89999310713138,91.64814913867362,23.351937725095354,87.08469181362858,10.861484615233493,False
660,3,7,74.36686861652652,92.88343131408618,131.36223311804898,54.57734149031767,117.59623367183187,21.302836261565243,False
661,1,3,40.350646734599316,55.23409042040029,69.1883488999104,43.93472166619733,59.215534327256684,28.38911732080995,False
662,1,8,61.29288038395018,80.11413530992095,95.4569880244483,69.74644726220225,85.64610704320178,49.525744386468766,False
663,2,4,60.3668491996952,99.04163080498114,116.51479356029377,69.98550213655439,86.14677580113752,90.33057255444739,False
664,2,2,33.19897432673558,54.9462914043555,40.550566692920306,45.80202554528036,39.56957890554841,59.27083749305484,False
665,3,3,65.96788963065558,85.18472835248583,69.88840610953433,74.69076638226981,70.21406711292602,38.875798210216935,False
666,1,1,85.2957039390478,114.84057805296786,80.65759636455873,102.30169180168144,80.75723298930868,50.60912633543519,False
667,3,2,55.97647381282387,55.79317773594142,56.23350684626369,84.8478987434144,55.60840968151792,30.97568922961762,False
668,3,5,75.90609846786442,74.22669941774825,75.22603231791115,123.8640660406367,94.54756663736097,39.481538327637764,False
669,3,8,48.68969865242651,32.15765631747692,54.86325236210315,64.16105364729762,54.491929995876504,20.274691568395244,False
670,1,8,60.143317217309885,40.71618294616003,62.14313201647676,93.2642264234358,59.63068525641356,56.57797245128948,False
671,2,7,60.66634476605596,56.17256297348967,90.83147130259657,147.196739968631,90.97854094761227,80.76903617219877,False
672,1,7,46.32855788036043,86.16006417353913,59.91529587069634,30.112672628809936,38.88554378365121,57.95407828489505,False
673,3,4,65.06583800506826,115.90264642002954,70.6456510392297,38.47696275780042,50.25766330020946,67.32723338438014,False
674,3,7,75.74674604482703,146.68839732163437,88.53328353266505,58.55826833681396,69.58686446752539,98.09124404453556,False
675,3,2,55.215611691691905,70.58367525478705,39.31258695451862,61.394211731258444,39.790663416141484,38.844233130763335,False
676,3,6,95.88024769298266,111.13895458693042,79.11858663336425,68.90699120528535,78.71239720012511,49.487048685312374,False
677,1,6,70.59391327209626,50.59077399070891,29.38902352730732,96.83955664192878,135.15641815653615,105.54107378920804,False
678,2,4,49.657513059986925,39.84949277870875,86.32951408139564,40.02835366804366,65.51749777903886,24.20787470000045,False
679,3,6,79.29167646305596,68.9622899926184,40.01957913472071,99.77714284880354,61.93098257823804,143.76866449426188,False
680,3,4,107.95963210649568,64.95052843198408,83.18961279479501,80.8776127045885,100.41116575168826,30.045477916505153,False
681,1,8,45.88823825742955,85.50610262220113,50.82286176158777,55.4571964525423,49.626074815736075,64.92747485594221,False
682,2,8,65.37586590340919,124.49421945682579,61.13668454163154,94.46539809681076,60.3439129581552,105.01593524622015,False
683,2,7,75.72711728291856,121.43672739025462,89.77483305044267,58.650907761151345,90.85830878148369,47.3494006971365,False
684,1,7,61.177132865665115,74.0498640167789,49.79225282247431,33.258696963403025,49.814921406708194,36.260809030367255,False
685,3,7,88.16643381933848,124.76691735203882,81.51358488973716,53.751089451253314,80.04517195017253,56.498136334674136,False
686,3,6,43.16391975317627,84.02895471155107,69.42972086470841,40.61957001967717,39.35649288337709,61.824771207395884,False
687,3,7,65.6021982128728,124.97314848023647,100.36765814602053,60.32419678794566,69.42413394945034,70.17015650472393,False
688,1,1,94.5678967439189,111.70692483128151,95.46318056097607,40.17255832731044,96.76831151319516,54.91776876982888,False
689,2,7,70.31028973584472,83.75636922911065,50.17627192807731,36.32317806848668,49.15146339051058,59.87495076885407,False
690,3,1,98.87076251408995,121.77681708616691,75.34492114560933,56.66401986870649,74.23624228355094,80.2908497409749,False
691,1,3,69.20348535444347,56.20103098308857,74.6861462026649,44.301011931891715,64.79932367310597,60.28432551045519,False
692,3,7,107.69100048140326,64.18531569990006,104.39393684984002,54.637002906289645,95.49787900444841,80.49619496147923,False
693,3,8,84.86525852892282,98.18976055808551,64.8951586833972,102.92964423796255,66.38068527445229,63.43733423707843,False
694,3,5,57.36733197318844,109.62529244240613,112.23284877966908,46.44944452765668,46.5233587466465,110.81543978922784,False
695,3,6,51.70710070941259,63.792322238686786,48.885116050023555,45.047507944447986,49.99596859395766,39.025117964272326,False
696,1,1,73.11782888684766,85.79611534394458,67.68076630003081,64.85475871948749,69.33020507857778,58.64799574033442,False
697,1,8,91.2214326040112,103.95284409410827,89.32644081625298,124.25312920509303,89.18705065525597,97.78171014402363,False
698,2,8,53.68857433666422,86.6445317048534,56.02431224694506,49.92367091506446,56.378768641901466,59.945518431571735,False
699,2,5,84.08176892773618,61.200782635408785,66.47452545631283,134.7877057196671,105.3060998786274,98.09227049255657,False
700,2,1,89.9806876300147,89.44836122044637,128.35786655863768,91.60583703316128,72.84184010033299,106.68164993287056,True
701,3,8,91.14422700127221,129.45607135997628,89.41660246381903,73.78177617118256,89.98456969143763,109.37854923112688,True
702,2,1,90.89739857145294,89.78047924366955,73.14317302547957,90.46445302180148,129.9869860394852,110.67252103062022,True
703,2,8,77.9351544827183,115.25029201583732,69.80936964864,124.95543532353004,79.32707631014625,110.66407726189405,True
704,2,6,80.4017281574664,98.42640423268126,79.85811675886436,109.78405603240085,89.19718178448063,122.04622911181488,True
705,3,5,78.08290421261863,114.2006652162059,71.38246511457609,125.69931336188921,80.13897059662689,112.11958764021264,True
706,2,5,80.13468579380584,104.43767089999778,69.71070254527669,144.8689122621171,81.85576439503983,100.59804813088397,True
707,2,2,98.40215360154214,119.2079191704574,101.40519311780105,150.9261901172842,120.53067912566505,90.60551231185393,True
708,3,7,100.01490526707593,149.63226850532268,120.27763695651976,119.30863667570837,101.59727570694021,90.48292449324224,True
709,3,5,89.50262202552553,124.22396032520689,89.53641381919594,116.07947849351541,81.60617217391813,100.81590149794157,True
710,1,2,88.7488023295845,145.2697121162813,89.35419466882989,104.73562504320388,80.53769825506004,90.94744471655032,True
711,3,5,123.95909609035986,129.96093966388156,91.77347727617666,129.69172867852265,89.2097898945828,93.2495129008041,True
712,3,6,122.91004444621741,168.48829982557803,98.66080330934938,120.10727182946557,89.250005511232,94.09781265919291,True
713,2,2,125.03660025607076,119.17981631088645,91.21572672166126,170.51965406285936,100.12543407442901,95.88548421712534,True
714,2,7,92.84269845583874,71.64734657199716,89.85083601445947,130.0688600572467,90.30002621310683,108.0045838417732,False
715,1,7,90.05781481546508,71.15921734859936,92.59847998826406,129.16248155710704,88.25896720136505,109.31933474063855,False
716,2,2,99.50925628888145,75.36889338230009,76.58604227407497,128.3424049680705,128.97295140303348,89.84065706502656,False
717,3,8,99.62252209555164,128.9746953432608,88.89547513634508,74.75073396272121,74.79089191563142,128.57177550975575,False
718,3,4,70.28103900938981,119.84504351081243,94.32634690395061,120.72416195169018,94.8984347112393,99.38276913592384,False
719,2,8,55.12857392627525,59.78401048393801,66.41486103941628,48.323752035378,45.42993295224936,36.96926747415478,False
720,2,7,62.02331484103382,76.8537135199032,94.97733617675676,55.510149004660335,57.66074954622871,58.09129007998098,False
721,3,7,89.98816061447376,106.05700511964244,122.84410800911972,75.00893000850547,76.45539734901472,63.33954915533033,False
722,2,6,39.690017805800935,45.61418493023223,39.94509725934391,61.77023417902654,59.87112262688273,60.76296205650159,False
723,2,5,58.10869688735572,59.86831136775293,58.09207185484379,91.28652449537148,71.42961765292429,70.75211768639221,False
724,1,4,75.16506719045933,69.96479109048937,71.20956374760065,111.72728809120429,100.95409644654143,105.46000887111875,False
725,2,7,42.79464693759659,56.54723267558612,39.66905802687692,61.66332973841769,43.87310385480951,71.77199529085055,False
726,1,7,53.00448653155817,63.816147173705204,54.032355114141,84.05059529671742,55.50302971885386,95.98450392428633,False
727,3,7,70.70183705656835,95.45667402270426,66.03913342450537,101.47573043165006,71.46062290167194,121.2472602579859,False
728,2,3,37.70568914834374,35.74234312501034,37.40897282576549,33.98870498541227,35.812610373898146,57.70399329193554,False
729,2,4,84.30674645845153,56.789745355033695,78.09392430571812,49.58590860237257,78.05677702751954,79.77578739554261,False
730,1,3,45.08758740758707,49.426403557565,41.95029754686054,39.764925073037475,38.34116161873831,61.66714851945731,False
731,2,8,62.54002255809439,72.0114453139543,52.78866695937712,55.05415196932191,51.33736171824201,82.97987132359646,False
732,3,3,78.22149101362619,79.19799545452997,71.17417254342236,74.29025462578433,69.16522062533183,124.39494197172318,False
733,2,2,37.48500831219161,34.66422367520822,39.98469786559474,25.82599932018282,26.089790651663264,36.19971753032761,False
734,1,6,45.73672650235609,21.92864082322861,58.752940764088905,26.388552331960554,30.059284358067465,28.73589811801478,False
735,3,6,80.900547534255,51.75019460875693,52.13931474821209,89.2232354010771,50.5806260502999,87.8110107276581,False
736,3,3,63.028737951636685,51.120611030402664,58.95291866841557,72.67079440070762,53.093589967177,73.2881817849779,False
737,2,1,85.41616224850266,68.71845230512663,73.2983003068203,109.38776597000411,65.33200958145576,106.10704272310298,False
738,3,7,43.7962405755443,38.521729251934595,39.42957665022462,62.24829464319039,79.06708790101024,42.5029233709038,False
739,3,7,53.222894927425585,44.65540507108973,49.14091253499808,76.10508856203471,97.41732089846406,51.031754927113276,False
740,1,2,75.72034628801481,63.91364343591134,66.92361768266424,114.54447172368529,154.69077458439358,74.7559593191806,False
741,1,5,67.6741894824195,66.44921496268636,48.932597700501276,62.86965638813363,58.167020382961645,52.17483184014395,False
742,2,3,124.92908405762341,99.81350465478413,61.530399158204354,96.01401023796134,81.48704976058552,68.01016331226099,False
743,1,2,67.13089422550394,82.34367584990565,62.44864729806439,46.998633935607835,46.71483402158284,42.83052434848488,False
744,3,6,94.55224452123558,122.3363330139184,78.83821051411219,70.67002569514551,71.6782816398217,57.32603347733334,False
745,3,3,76.05838868261384,79.66993767505758,59.19388449315358,64.16675133557496,91.1784577157777,101.69966871066704,False
746,1,3,63.10776994403737,47.01531850246641,53.73526682052866,61.91248856189876,58.94927087080605,67.2009060892918,False
747,2,6,73.5050288920446,46.40654703067426,76.28329962048711,82.25223490154195,81.25900056298515,103.79846830533762,False
748,2,8,75.33825464351025,48.61884837870329,75.85634046903458,80.9997888475171,80.51520639810761,103.83322955535255,False
749,1,2,44.3900813136173,79.61684985695125,100.19827187297092,33.74114248206322,35.3121536491292,28.649314275608926,False
750,3,4,59.57510378219994,111.72817126964152,149.71853520730537,44.83786833517867,49.50117728249804,35.88947000496569,False
751,2,3,58.876761703374065,151.57693192912168,49.66478110943069,150.18174598943202,49.21027841833895,57.478945874847476,False
752,1,3,60.57954270999361,49.815251938684376,149.74287790898066,50.70692295979717,150.43721027924533,59.28635844522701,False
753,1,5,80.01381810369763,53.959384310588696,60.52924001661037,63.52946262841764,64.72455202049206,21.84163873937383,False
754,2,6,102.42428173406073,71.72844396284275,71.58498841405098,98.23871911568591,88.95402622458039,28.54407789895134,False
755,3,4,62.72304429644981,47.828638256702995,65.08562541316594,59.356414969481676,55.806167754305456,50.38542101170794,False
756,2,1,81.99233810721911,80.19371849303008,85.10970421091352,85.87541350904915,76.79243806438419,72.75095214598029,False
757,2,6,52.505157569427354,54.10168777106734,52.59339468522146,37.20415112153329,45.306936024311064,44.50894873592782,False
758,3,1,87.38234687079422,92.1527772830146,88.70824942100224,67.96817537906438,74.66663619548805,74.41503633362728,False
759,3,3,42.03848562151602,51.30664259765641,66.10595493375526,41.25461207377739,55.61353828410089,49.75763717415962,False
760,2,6,71.46069052847501,104.91216730339731,115.52190871098283,52.883671743905325,85.1303889482027,68.69100244494385,False
761,1,2,51.230462773427504,59.299223256026046,60.13800840497342,59.94681517022445,59.085268846790726,30.803489854586594,False
762,1,1,64.8682702006838,73.70246790260559,88.72883083740726,96.37390236654028,123.84687329928508,43.675142813187094,False
763,1,7,49.87142127532469,54.343456517927144,61.97104867577169,58.21543030448691,61.39839316100246,44.29373577445753,False
764,2,5,69.80899125921921,73.7039398172183,88.98712425861984,120.48866259964704,88.0263808248295,56.88655492393243,False
765,3,4,44.529940032579056,38.468657114996255,31.653429671197706,62.6301508142042,42.721364035653586,70.11806006078395,False
766,3,7,62.36029240462489,54.366614008272954,53.144677414552355,108.52768951397935,93.3201167843654,109.8724065650633,False
767,1,2,58.465553059187116,90.6917542221404,77.14407048582706,45.12218809023495,44.70478383462202,46.38408800850015,False
768,3,8,82.55996646688277,118.80931274326322,118.88438943417516,69.58841731228148,58.573388791032706,72.51568551463251,False
769,2,6,76.79761122900715,60.5164297583565,49.588297906571206,67.49973100653476,62.47884243079447,46.99793386089477,False
770,1,2,122.6822026145902,76.01505292976483,72.07823806105633,99.56643821610425,90.8659822957289,56.534008756325335,False
771,1,2,94.78889085719658,66.09391778593806,65.20808795363058,112.29867986737338,131.36378701459049,60.814195884828294,False
772,2,7,78.20222455467294,92.89761494660789,75.09705551976305,74.47616360003904,62.32007302193086,120.25438721447465,False
773,1,2,65.42636081309152,58.36655651647322,57.47243764287304,81.91090981607701,66.89298659430925,100.79848447803106,False
774,2,8,48.852912447043884,49.65773701694946,150.74741124959553,49.58861416282801,151.97504599034582,49.29558494229465,False
775,1,3,44.833887005595116,48.42302268246612,34.91325325331154,54.375159371039175,73.95248484792023,40.20923377477429,False
776,3,4,68.55836613635516,75.2176149938819,53.98962683704788,82.7271390779012,114.0247325054503,59.52498411598127,False
777,2,2,90.45948742442589,98.6870821656828,68.43537214751112,109.96559504687593,150.8068756658677,80.48454340961149,False
778,2,3,56.661723817314424,80.62950394355613,90.58212271460002,80.78266228078171,86.48463951969391,75.35321286670171,False
779,2,6,44.21109028775257,68.88937496048175,46.449279243269636,49.12899169040525,59.5817849477973,38.634890231855465,False
780,3,8,84.31979153433515,110.13321473793687,78.06448322579104,66.03132385145294,83.0586129588475,55.429442667047326,False
781,3,7,49.29654394884162,66.05114350735482,71.3210347822735,43.30017327323291,54.75546114680017,51.084302289356756,False
782,2,4,44.69133819514135,66.85733263638241,70.22574486838171,45.134756188602225,56.95783135749566,54.82667687238216,False
783,2,2,52.98108946918864,64.39491562448906,70.18997760656386,45.00568497314056,55.203971592298295,45.39214340046547,False
784,3,3,58.444335490725635,67.07334497102498,69.99272052836291,43.9400677233728,56.56687592895403,40.660880544448304,False
785,2,2,65.5826495934252,90.29380167134858,121.96515023039518,57.958996286015136,76.257946032382,82.42365300485164,False
786,3,3,53.98805971050071,84.7712835102109,122.68156823104648,57.030305622229,75.3587075289278,100.03743672472821,False
787,2,3,74.84273991222699,96.45442457175083,122.02143364511218,58.386355419339324,73.88817275939466,68.64108840870414,False
788,1,5,82.94291281965026,99.21065712852653,124.84728594896708,58.77766995611759,74.65297327466914,53.87359184638493,False
789,3,2,53.550957978154415,69.75684148918803,86.43475213596489,34.537846731828104,35.16465933587056,29.083565486298045,False
790,2,3,95.54501295135294,116.4442615494374,185.13421716677374,43.649275810075615,46.00531601195632,25.45444442270525,False
791,3,7,39.90991822637703,29.797830871648124,34.5756323751569,44.560621810524346,41.588443644978646,53.58466821131854,False
792,2,7,84.9907520332647,70.50720090824711,78.67375249777218,96.38263829305419,79.13182192477313,121.85058137469896,False
793,1,6,127.67075383613128,131.5158980593572,95.58284504504793,132.05389876867935,97.25411523674833,97.7764914218013,True
794,1,1,127.24174612946032,130.86658106157037,94.53093396207028,131.43723511447757,97.77893032025936,100.06404304189,True
795,2,7,107.45287497895468,101.61777522867236,121.17998601180535,80.1823079259478,96.03515918185072,94.12516660358362,True
796,2,6,50.469522157216424,98.23542136806225,151.58525215113292,99.3413795443776,148.83848100416324,49.841400268668416,True
797,1,4,49.98527049277187,160.4336395368107,110.95301004944967,160.77717505576052,109.91756646810805,110.9192901873536,True
798,1,4,79.777294179225,110.5354053172884,61.33499461946106,149.577810624659,129.46384345028738,70.85335257642042,True
799,2,8,79.36031359295342,159.98544308595498,61.76287874553283,169.77383124449972,130.21342597474185,80.11353955055468,True
800,3,1,80.85401087067098,110.54370111985585,121.03222732952207,131.71947326519404,90.3311548463146,71.26171695698957,True
